,Avibase.ID,Species1_BirdLife,Species2_eBird,eBird.species.group,Species3_BirdTree,Data.type,Source,Specimen.number,Sex,Age,Locality,Country_WRI,Country,Beak.Length_Culmen,Beak.Length_Nares,Beak.Width,Beak.Depth,Tarsus.Length,Wing.Length,Kipps.Distance,Secondary1,Hand-wing.Index,Tail.Length,Measurer,Protocol,Publication,species_updated,Archipelago_group
1,AVIBASE-6BB566A5,Chlorophonia occipitalis,Chlorophonia occipitalis,Chlorophonia occipitalis,Chlorophonia occipitalis,1,NHMUK,1885.6.4.45,F,0,NA,Mexico,NA,13.3,6.8,5,5.6,17.7,71,19.3,51.7,27.2,41,HM,1,NA,Chlorophonia occipitalis,Mainland
2,AVIBASE-6BB566A5,Chlorophonia occipitalis,Chlorophonia occipitalis,Chlorophonia occipitalis,Chlorophonia occipitalis,1,NHMUK,1898.12.14.238,M,0,NA,Nicaragua,NA,12.5,5.3,4.4,5.5,17.5,78.5,21.1,57.4,26.9,47.5,HM,1,NA,Chlorophonia occipitalis,Mainland
3,AVIBASE-6BB566A5,Chlorophonia occipitalis,Chlorophonia occipitalis,Chlorophonia occipitalis,Chlorophonia occipitalis,1,NHMUK,1898.12.14.362,F,0,NA,Mexico,NA,12,5.9,4.7,5.5,17,72,18.1,53.9,25.1,38.5,HM,1,NA,Chlorophonia occipitalis,Mainland
4,AVIBASE-6BB566A5,Chlorophonia occipitalis,Chlorophonia occipitalis,Chlorophonia occipitalis,Chlorophonia occipitalis,1,NHMUK,1969.52.264,M,0,NA,Guatemala,NA,12.8,6.3,4.9,5.5,18,82,22,60,26.8,46.5,HM,1,NA,Chlorophonia occipitalis,Mainland
5,AVIBASE-6BB566A5,Chlorophonia occipitalis,Chlorophonia occipitalis,Chlorophonia occipitalis,Chlorophonia occipitalis,1,NHMUK,85.6.12.26,M,0,NA,NA,NA,12.3,NA,4.4,5.9,18.8,80,NA,NA,NA,46,GT,0,NA,Chlorophonia occipitalis,Mainland
6,AVIBASE-B78F2D6F,Coereba flaveola,Coereba flaveola,Coereba flaveola,Coereba flaveola,1,NHMD,10,F,0,NA,Ecuador,NA,12.8,NA,NA,NA,16.1,56.8,10.5,46.3,18.5,34.5,DH,0,NA,Coereba flaveola,Mainland
7,AVIBASE-B78F2D6F,Coereba flaveola,Coereba flaveola,Coereba flaveola,Coereba flaveola,1,NHMD,11,M,0,NA,Ecuador,NA,13.8,NA,NA,NA,15.7,54.3,9.3,45,17.1,29.5,DH,0,NA,Coereba flaveola,Mainland
8,AVIBASE-B78F2D6F,Coereba flaveola,Coereba flaveola,Coereba flaveola,Coereba flaveola,1,UFPE,30,U,0,NA,Brazil,NA,12.3,NA,NA,5.1,14.6,57,10.9,46.2,19.1,38.5,VL,0,NA,Coereba flaveola,Mainland
9,AVIBASE-B78F2D6F,Coereba flaveola,Coereba flaveola,Coereba flaveola,Coereba flaveola,1,UFPE,183,U,0,NA,Brazil,NA,12.1,NA,NA,4.2,15.2,60.7,10.6,50.1,17.4,40.8,VL,0,NA,Coereba flaveola,Mainland
10,AVIBASE-B78F2D6F,Coereba flaveola,Coereba flaveola,Coereba flaveola,Coereba flaveola,1,UFPE,490,M,0,NA,Brazil,NA,11.3,NA,NA,4.4,14.1,56.4,7.1,49.3,12.5,40,VL,0,NA,Coereba flaveola,Mainland
11,AVIBASE-B78F2D6F,Coereba flaveola,Coereba flaveola,Coereba flaveola,Coereba flaveola,1,UFPE,556,U,0,NA,Brazil,NA,11.6,NA,NA,4,15.4,59.6,9.3,50.3,15.6,41.8,VL,0,NA,Coereba flaveola,Mainland
12,AVIBASE-B78F2D6F,Coereba flaveola,Coereba flaveola,Coereba flaveola,Coereba flaveola,1,CBF,704,M,0,NA,Bolivia,NA,NA,NA,NA,4.3,17.3,60,10,50,16.7,37,FAMC,0,NA,Coereba flaveola,Mainland
13,AVIBASE-B78F2D6F,Coereba flaveola,Coereba flaveola,Coereba flaveola,Coereba flaveola,1,UFPE,911,U,0,NA,Brazil,NA,11.8,NA,NA,4.2,14.3,59.9,11.3,48.6,18.9,39.8,VL,0,NA,Coereba flaveola,Mainland
14,AVIBASE-B78F2D6F,Coereba flaveola,Coereba flaveola,Coereba flaveola,Coereba flaveola,1,UFPE,1238,F,0,NA,Brazil,NA,12.4,NA,NA,4,13.3,55.5,10.2,45.3,18.4,33.2,VL,0,NA,Coereba flaveola,Mainland
15,AVIBASE-B78F2D6F,Coereba flaveola,Coereba flaveola,Coereba flaveola,Coereba flaveola,1,UFPE,1284,M,0,NA,Brazil,NA,11.9,NA,NA,4.3,15.3,62.4,15.2,47.2,24.4,40.1,VL,0,NA,Coereba flaveola,Mainland
16,AVIBASE-B78F2D6F,Coereba flaveola,Coereba flaveola,Coereba flaveola,Coereba flaveola,1,UFPE,1295,M,0,NA,Brazil,NA,12.8,NA,NA,3.9,16.3,59.5,10,49.5,16.9,38.5,VL,0,NA,Coereba flaveola,Mainland
17,AVIBASE-B78F2D6F,Coereba flaveola,Coereba flaveola,Coereba flaveola,Coereba flaveola,1,CBF,1635,F,0,NA,Bolivia,NA,NA,NA,NA,4.4,17.8,61,12,49,19.7,46,FAMC,0,NA,Coereba flaveola,Mainland
18,AVIBASE-B78F2D6F,Coereba flaveola,Coereba flaveola,Coereba flaveola,Coereba flaveola,1,UFPE,1835,U,0,NA,Brazil,NA,13.2,NA,NA,4.6,15,58,NA,NA,NA,37.7,VL,0,NA,Coereba flaveola,Mainland
19,AVIBASE-B78F2D6F,Coereba flaveola,Coereba flaveola,Coereba flaveola,Coereba flaveola,1,UFPE,1837,F,0,NA,Brazil,NA,12.1,NA,NA,4,14.6,53.6,8.8,44.8,16.4,33.3,VL,0,NA,Coereba flaveola,Mainland
20,AVIBASE-B78F2D6F,Coereba flaveola,Coereba flaveola,Coereba flaveola,Coereba flaveola,1,UFPE,1865,F,0,NA,Brazil,NA,11.5,NA,NA,4,13.4,53.3,7.6,45.7,14.2,35.4,VL,0,NA,Coereba flaveola,Mainland
21,AVIBASE-B78F2D6F,Coereba flaveola,Coereba flaveola,Coereba flaveola,Coereba flaveola,1,UFPE,1908,M,0,NA,Brazil,NA,11.7,NA,NA,4,14.5,56.4,7.5,49,13.2,36.9,VL,0,NA,Coereba flaveola,Mainland
22,AVIBASE-B78F2D6F,Coereba flaveola,Coereba flaveola,Coereba flaveola,Coereba flaveola,1,UFPE,1941,M,0,NA,Brazil,NA,11.2,NA,NA,4.8,15.4,57.9,10.1,47.8,17.5,38.8,VL,0,NA,Coereba flaveola,Mainland
23,AVIBASE-B78F2D6F,Coereba flaveola,Coereba flaveola,Coereba flaveola,Coereba flaveola,1,UFPE,2222,U,0,NA,Brazil,NA,11.6,NA,NA,4.2,14.3,60.3,NA,NA,NA,39.1,VL,0,NA,Coereba flaveola,Mainland
24,AVIBASE-B78F2D6F,Coereba flaveola,Coereba flaveola,Coereba flaveola,Coereba flaveola,1,UFPE,2276,U,0,NA,Brazil,NA,12.2,NA,NA,4.2,14.5,55.5,11.4,44.1,20.5,32.3,VL,0,NA,Coereba flaveola,Mainland
25,AVIBASE-B78F2D6F,Coereba flaveola,Coereba flaveola,Coereba flaveola,Coereba flaveola,1,UFPE,2316,M,0,NA,Brazil,NA,11.8,NA,NA,4.7,14.5,56.2,10.1,46.1,17.9,34.1,VL,0,NA,Coereba flaveola,Mainland
26,AVIBASE-B78F2D6F,Coereba flaveola,Coereba flaveola,Coereba flaveola,Coereba flaveola,1,CBF,2904,F,0,NA,Bolivia,NA,NA,NA,NA,4,16.7,57,10,47,17.5,42,FAMC,0,NA,Coereba flaveola,Mainland
27,AVIBASE-B78F2D6F,Coereba flaveola,Coereba flaveola,Coereba flaveola,Coereba flaveola,1,UFPE,3251,M,0,NA,Brazil,NA,12.5,NA,NA,4.2,14.4,56.7,NA,NA,NA,37,VL,0,NA,Coereba flaveola,Mainland
28,AVIBASE-B78F2D6F,Coereba flaveola,Coereba flaveola,Coereba flaveola,Coereba flaveola,1,CBF,3508,U,0,NA,Bolivia,NA,NA,NA,NA,4.3,16.6,61,12.5,48.5,20.5,40,FAMC,0,NA,Coereba flaveola,Mainland
29,AVIBASE-B78F2D6F,Coereba flaveola,Coereba flaveola,Coereba flaveola,Coereba flaveola,1,UFPE,4796,U,0,NA,Brazil,NA,11,NA,NA,4.1,14.6,55.6,8.1,47.4,14.7,34.1,VL,0,NA,Coereba flaveola,Mainland
30,AVIBASE-B78F2D6F,Coereba flaveola,Coereba flaveola,Coereba flaveola,Coereba flaveola,1,UFPE,4867,F,0,NA,Brazil,NA,15.2,NA,NA,NA,18.9,NA,NA,NA,NA,NA,VL,0,NA,Coereba flaveola,Mainland
31,AVIBASE-B78F2D6F,Coereba flaveola,Coereba flaveola,Coereba flaveola,Coereba flaveola,1,UFPE,4869,M,0,NA,Brazil,NA,NA,NA,NA,NA,19.8,NA,13.7,NA,NA,NA,VL,0,NA,Coereba flaveola,Mainland
32,AVIBASE-B78F2D6F,Coereba flaveola,Coereba flaveola,Coereba flaveola,Coereba flaveola,1,UFPE,4972,F,0,NA,Brazil,NA,13.8,NA,NA,3.8,15.7,48,NA,NA,NA,48.5,VL,0,NA,Coereba flaveola,Mainland
33,AVIBASE-B78F2D6F,Coereba flaveola,Coereba flaveola,Coereba flaveola,Coereba flaveola,1,UFPE,5006,F,0,NA,Brazil,NA,14.8,NA,NA,NA,22.6,NA,12.2,NA,NA,NA,VL,0,NA,Coereba flaveola,Mainland
34,AVIBASE-B78F2D6F,Coereba flaveola,Coereba flaveola,Coereba flaveola,Coereba flaveola,1,UFPE,5021,M,0,NA,Brazil,NA,8.3,NA,NA,2.8,12.9,53,NA,NA,NA,45.2,VL,0,NA,Coereba flaveola,Mainland
35,AVIBASE-B78F2D6F,Coereba flaveola,Coereba flaveola,Coereba flaveola,Coereba flaveola,1,UFPE,5026,M,0,NA,Brazil,NA,14.7,NA,NA,3.6,14.6,53.1,NA,NA,NA,41.4,VL,0,NA,Coereba flaveola,Mainland
36,AVIBASE-B78F2D6F,Coereba flaveola,Coereba flaveola,Coereba flaveola,Coereba flaveola,1,MPEG,30819,M,0,NA,Brazil,NA,14.2,9.5,3.3,3.7,15.8,53,14.1,38.9,26.6,33,BDK,1,NA,Coereba flaveola,Mainland
37,AVIBASE-B78F2D6F,Coereba flaveola,Coereba flaveola,Coereba flaveola,Coereba flaveola,1,MPEG,30820,M,0,NA,Brazil,NA,14,9.7,3.2,3.6,15.1,51,12.9,38.1,25.3,33,BDK,1,NA,Coereba flaveola,Mainland
38,AVIBASE-B78F2D6F,Coereba flaveola,Coereba flaveola,Coereba flaveola,Coereba flaveola,1,MPEG,30822,F,0,NA,Brazil,NA,12.8,8.5,3.2,3.4,14.3,50,12.9,37.1,25.8,30,BDK,1,NA,Coereba flaveola,Mainland
39,AVIBASE-B78F2D6F,Coereba flaveola,Coereba flaveola,Coereba flaveola,Coereba flaveola,1,MPEG,30823,F,0,NA,Brazil,NA,13.8,9.3,3.2,3.3,14.9,53,14.1,38.9,26.6,34,BDK,1,NA,Coereba flaveola,Mainland
40,AVIBASE-B78F2D6F,Coereba flaveola,Coereba flaveola,Coereba flaveola,Coereba flaveola,1,FMNH,183919,M,0,NA,Bolivia,NA,NA,NA,NA,4,17.2,62,13.6,48.4,21.9,41,FAMC,0,NA,Coereba flaveola,Mainland
41,AVIBASE-B78F2D6F,Coereba flaveola,Coereba flaveola,Coereba flaveola,Coereba flaveola,1,FMNH,208360,F,0,NA,Peru,NA,NA,NA,NA,4,16.6,55,10.9,44.1,19.8,28,FAMC,0,NA,Coereba flaveola,Mainland
42,AVIBASE-B78F2D6F,Coereba flaveola,Coereba flaveola,Coereba flaveola,Coereba flaveola,1,FMNH,208361,M,0,NA,Peru,NA,NA,NA,NA,3.9,17.3,61,13.6,47.4,22.3,38,FAMC,0,NA,Coereba flaveola,Mainland
43,AVIBASE-B78F2D6F,Coereba flaveola,Coereba flaveola,Coereba flaveola,Coereba flaveola,1,FMNH,299410,M,0,NA,Peru,NA,NA,NA,NA,4.1,17.2,63,13.6,49.4,21.6,48,FAMC,0,NA,Coereba flaveola,Mainland
44,AVIBASE-B78F2D6F,Coereba flaveola,Coereba flaveola,Coereba flaveola,Coereba flaveola,1,NHMUK,1904.8.17.329,M,0,NA,Jamaica,NA,15,9.8,3.6,3.7,17.7,60,10.7,49.3,17.8,34,PW,1,NA,Coereba flaveola,Greater Antilles
45,AVIBASE-B78F2D6F,Coereba flaveola,Coereba flaveola,Coereba flaveola,Coereba flaveola,1,NHMUK,1915.5.1.425,M,0,NA,Jamaica,NA,14.2,9.5,3.6,3.6,16.5,56,9.3,46.7,16.6,37,PW,1,NA,Coereba flaveola,Greater Antilles
46,AVIBASE-B78F2D6F,Coereba flaveola,Coereba flaveola,Coereba flaveola,Coereba flaveola,1,ZFMK,1952-303,M,0,NA,Bolivia,NA,14.3,NA,NA,NA,17.3,61,11,50,18,39,LN,0,NA,Coereba flaveola,Mainland
47,AVIBASE-B78F2D6F,Coereba flaveola,Coereba flaveola,Coereba flaveola,Coereba flaveola,1,ZFMK,1955-842,M,0,NA,Bolivia,NA,14.8,NA,NA,NA,16.6,61,10.5,50.5,17.2,41,DH,0,NA,Coereba flaveola,Mainland
48,AVIBASE-B78F2D6F,Coereba flaveola,Coereba flaveola,Coereba flaveola,Coereba flaveola,1,ZFMK,1956-78,M,0,NA,Bolivia,NA,13.2,NA,NA,NA,16.9,59,11,48,18.6,36,LN,0,NA,Coereba flaveola,Mainland
49,AVIBASE-B78F2D6F,Coereba flaveola,Coereba flaveola,Coereba flaveola,Coereba flaveola,1,ZFMK,1956-942,F,0,NA,Peru,NA,12.7,NA,NA,NA,15.9,56,12,44,21.4,36,LN,0,NA,Coereba flaveola,Mainland
50,AVIBASE-B78F2D6F,Coereba flaveola,Coereba flaveola,Coereba flaveola,Coereba flaveola,1,ZFMK,1960-1256,F,0,NA,Suriname,NA,14.5,NA,NA,NA,15.9,55,10,45,18.2,29,LN,0,NA,Coereba flaveola,Mainland
51,AVIBASE-B78F2D6F,Coereba flaveola,Coereba flaveola,Coereba flaveola,Coereba flaveola,1,NHMUK,85.4.1.314,M,0,NA,Panama,NA,14.8,9.8,3.4,3.7,15.2,51,8.9,42.1,17.5,30,PW,1,NA,Coereba flaveola,Mainland
52,AVIBASE-B78F2D6F,Coereba flaveola,Coereba flaveola,Coereba flaveola,Coereba flaveola,1,NHMUK,85.4.1.315,M,0,NA,Panama,NA,14.5,9.3,3.4,3.3,15.4,47,8.2,38.8,17.4,24,PW,1,NA,Coereba flaveola,Mainland
53,AVIBASE-B78F2D6F,Coereba flaveola,Coereba flaveola,Coereba flaveola,Coereba flaveola,1,NHMUK,94.7.1.87,M,0,NA,Mexico,NA,14.4,9.7,3.1,3.7,16.3,52,9.1,42.9,17.5,29,PW,1,NA,Coereba flaveola,Mainland
54,AVIBASE-B78F2D6F,Coereba flaveola,Coereba flaveola,Coereba flaveola,Coereba flaveola,1,NHMUK,98.12.14.228,M,0,NA,Nicaragua,NA,14.9,10.6,3.4,3.4,15.3,52,11.5,40.5,22.1,28,PW,1,NA,Coereba flaveola,Mainland
55,AVIBASE-B78F2D6F,Coereba flaveola,Coereba flaveola,Coereba flaveola,Coereba flaveola,2,Field2,NA,U,1,NA,Colombia,NA,14.1,NA,NA,NA,16.9,51.5,NA,NA,NA,35,LJCS,0,Cardona-Salazar et al. 2020 https://esajournals.onlinelibrary.wiley.com/doi/full/10.1002/bes2.1690,Coereba flaveola,Mainland
56,AVIBASE-B78F2D6F,Coereba flaveola,Coereba flaveola,Coereba flaveola,Coereba flaveola,2,Field2,NA,U,0,NA,Colombia,NA,13.8,NA,NA,NA,20.7,50,NA,NA,NA,37,LJCS,0,Cardona-Salazar et al. 2020 https://esajournals.onlinelibrary.wiley.com/doi/full/10.1002/bes2.1690,Coereba flaveola,Mainland
57,AVIBASE-B78F2D6F,Coereba flaveola,Coereba flaveola,Coereba flaveola,Coereba flaveola,2,Field2,NA,U,0,NA,Colombia,NA,13.5,NA,NA,NA,19.3,51,NA,NA,NA,36,LJCS,0,Cardona-Salazar et al. 2020 https://esajournals.onlinelibrary.wiley.com/doi/full/10.1002/bes2.1690,Coereba flaveola,Mainland
58,AVIBASE-B78F2D6F,Coereba flaveola,Coereba flaveola,Coereba flaveola,Coereba flaveola,2,Field2,NA,U,0,NA,Colombia,NA,15.6,NA,NA,NA,17.1,53,NA,NA,NA,NA,LJCS,0,Cardona-Salazar et al. 2020 https://esajournals.onlinelibrary.wiley.com/doi/full/10.1002/bes2.1690,Coereba flaveola,Mainland
59,AVIBASE-B78F2D6F,Coereba flaveola,Coereba flaveola,Coereba flaveola,Coereba flaveola,2,Field2,NA,U,0,NA,Colombia,NA,13.2,NA,NA,NA,17.1,56,NA,NA,NA,NA,LJCS,0,Cardona-Salazar et al. 2020 https://esajournals.onlinelibrary.wiley.com/doi/full/10.1002/bes2.1690,Coereba flaveola,Mainland
60,AVIBASE-B78F2D6F,Coereba flaveola,Coereba flaveola,Coereba flaveola,Coereba flaveola,2,Field2,NA,U,0,NA,Colombia,NA,11.7,NA,NA,NA,17.7,56,NA,NA,NA,NA,LJCS,0,Cardona-Salazar et al. 2020 https://esajournals.onlinelibrary.wiley.com/doi/full/10.1002/bes2.1690,Coereba flaveola,Mainland
61,AVIBASE-B78F2D6F,Coereba flaveola,Coereba flaveola,Coereba flaveola,Coereba flaveola,2,Field2,NA,U,0,NA,Colombia,NA,NA,NA,NA,NA,14.5,50,NA,NA,NA,NA,LJCS,0,Cardona-Salazar et al. 2020 https://esajournals.onlinelibrary.wiley.com/doi/full/10.1002/bes2.1690,Coereba flaveola,Mainland
62,AVIBASE-B78F2D6F,Coereba flaveola,Coereba flaveola,Coereba flaveola,Coereba flaveola,2,Field2,NA,U,0,NA,Colombia,NA,13.4,NA,NA,NA,18.3,56,NA,NA,NA,32,LJCS,0,Cardona-Salazar et al. 2020 https://esajournals.onlinelibrary.wiley.com/doi/full/10.1002/bes2.1690,Coereba flaveola,Mainland
63,AVIBASE-B78F2D6F,Coereba flaveola,Coereba flaveola,Coereba flaveola,Coereba flaveola,2,Field2,NA,U,0,NA,Colombia,NA,14.3,NA,NA,NA,15.1,51,NA,NA,NA,30,LJCS,0,Cardona-Salazar et al. 2020 https://esajournals.onlinelibrary.wiley.com/doi/full/10.1002/bes2.1690,Coereba flaveola,Mainland
64,AVIBASE-B78F2D6F,Coereba flaveola,Coereba flaveola,Coereba flaveola,Coereba flaveola,2,Field2,NA,U,1,NA,Colombia,NA,12.8,NA,NA,NA,18.5,NA,NA,NA,NA,35,LJCS,0,Cardona-Salazar et al. 2020 https://esajournals.onlinelibrary.wiley.com/doi/full/10.1002/bes2.1690,Coereba flaveola,Mainland
65,AVIBASE-B78F2D6F,Coereba flaveola,Coereba flaveola,Coereba flaveola,Coereba flaveola,2,Field2,NA,U,0,NA,Colombia,NA,13.9,NA,NA,NA,17.9,51,NA,NA,NA,30,LJCS,0,Cardona-Salazar et al. 2020 https://esajournals.onlinelibrary.wiley.com/doi/full/10.1002/bes2.1690,Coereba flaveola,Mainland
66,AVIBASE-B78F2D6F,Coereba flaveola,Coereba flaveola,Coereba flaveola,Coereba flaveola,2,Field2,NA,U,0,NA,Colombia,NA,14.2,NA,NA,NA,16.8,57,NA,NA,NA,39,LJCS,0,Cardona-Salazar et al. 2020 https://esajournals.onlinelibrary.wiley.com/doi/full/10.1002/bes2.1690,Coereba flaveola,Mainland
67,AVIBASE-B78F2D6F,Coereba flaveola,Coereba flaveola,Coereba flaveola,Coereba flaveola,2,Field2,NA,U,0,NA,Colombia,NA,13.6,NA,NA,NA,18.6,52,NA,NA,NA,33,LJCS,0,Cardona-Salazar et al. 2020 https://esajournals.onlinelibrary.wiley.com/doi/full/10.1002/bes2.1690,Coereba flaveola,Mainland
68,AVIBASE-B78F2D6F,Coereba flaveola,Coereba flaveola,Coereba flaveola,Coereba flaveola,2,Field2,NA,U,0,NA,Colombia,NA,14.8,NA,NA,NA,16.8,46,NA,NA,NA,31,LJCS,0,Cardona-Salazar et al. 2020 https://esajournals.onlinelibrary.wiley.com/doi/full/10.1002/bes2.1690,Coereba flaveola,Mainland
69,AVIBASE-B78F2D6F,Coereba flaveola,Coereba flaveola,Coereba flaveola,Coereba flaveola,2,Field2,NA,U,0,NA,Colombia,NA,13.3,NA,NA,NA,15.4,51,NA,NA,NA,31,LJCS,0,Cardona-Salazar et al. 2020 https://esajournals.onlinelibrary.wiley.com/doi/full/10.1002/bes2.1690,Coereba flaveola,Mainland
70,AVIBASE-B78F2D6F,Coereba flaveola,Coereba flaveola,Coereba flaveola,Coereba flaveola,2,Field2,NA,U,0,NA,Colombia,NA,13,NA,NA,NA,17.4,57,NA,NA,NA,30,LJCS,0,Cardona-Salazar et al. 2020 https://esajournals.onlinelibrary.wiley.com/doi/full/10.1002/bes2.1690,Coereba flaveola,Mainland
71,AVIBASE-B78F2D6F,Coereba flaveola,Coereba flaveola,Coereba flaveola,Coereba flaveola,2,Field2,NA,U,1,NA,Colombia,NA,15.8,NA,NA,NA,18.4,54,NA,NA,NA,25,LJCS,0,Cardona-Salazar et al. 2020 https://esajournals.onlinelibrary.wiley.com/doi/full/10.1002/bes2.1690,Coereba flaveola,Mainland
72,AVIBASE-B78F2D6F,Coereba flaveola,Coereba flaveola,Coereba flaveola,Coereba flaveola,2,Field2,NA,U,0,NA,Colombia,NA,14.1,NA,NA,NA,18.4,51,NA,NA,NA,36,LJCS,0,Cardona-Salazar et al. 2020 https://esajournals.onlinelibrary.wiley.com/doi/full/10.1002/bes2.1690,Coereba flaveola,Mainland
73,AVIBASE-B78F2D6F,Coereba flaveola,Coereba flaveola,Coereba flaveola,Coereba flaveola,2,Field2,NA,U,0,NA,Colombia,NA,14.2,NA,NA,NA,NA,54,NA,NA,NA,42,LJCS,0,Cardona-Salazar et al. 2020 https://esajournals.onlinelibrary.wiley.com/doi/full/10.1002/bes2.1690,Coereba flaveola,Mainland
74,AVIBASE-B78F2D6F,Coereba flaveola,Coereba flaveola,Coereba flaveola,Coereba flaveola,2,Field2,NA,U,0,NA,Colombia,NA,13.9,NA,NA,NA,14.6,52,NA,NA,NA,30,LJCS,0,Cardona-Salazar et al. 2020 https://esajournals.onlinelibrary.wiley.com/doi/full/10.1002/bes2.1690,Coereba flaveola,Mainland
75,AVIBASE-B78F2D6F,Coereba flaveola,Coereba flaveola,Coereba flaveola,Coereba flaveola,2,Field2,NA,U,0,NA,Colombia,NA,13.5,NA,NA,NA,18,52,NA,NA,NA,30,LJCS,0,Cardona-Salazar et al. 2020 https://esajournals.onlinelibrary.wiley.com/doi/full/10.1002/bes2.1690,Coereba flaveola,Mainland
76,AVIBASE-B78F2D6F,Coereba flaveola,Coereba flaveola,Coereba flaveola,Coereba flaveola,2,Field2,NA,U,0,NA,Colombia,NA,13.9,NA,NA,NA,18.2,54,NA,NA,NA,37,LJCS,0,Cardona-Salazar et al. 2020 https://esajournals.onlinelibrary.wiley.com/doi/full/10.1002/bes2.1690,Coereba flaveola,Mainland
77,AVIBASE-B78F2D6F,Coereba flaveola,Coereba flaveola,Coereba flaveola,Coereba flaveola,2,Field2,NA,U,0,NA,Colombia,NA,13.1,NA,NA,NA,21.5,54,NA,NA,NA,26,LJCS,0,Cardona-Salazar et al. 2020 https://esajournals.onlinelibrary.wiley.com/doi/full/10.1002/bes2.1690,Coereba flaveola,Mainland
78,AVIBASE-B78F2D6F,Coereba flaveola,Coereba flaveola,Coereba flaveola,Coereba flaveola,2,Field2,NA,U,0,NA,Colombia,NA,12.5,NA,NA,NA,18,52,NA,NA,NA,29,LJCS,0,Cardona-Salazar et al. 2020 https://esajournals.onlinelibrary.wiley.com/doi/full/10.1002/bes2.1690,Coereba flaveola,Mainland
79,AVIBASE-B78F2D6F,Coereba flaveola,Coereba flaveola,Coereba flaveola,Coereba flaveola,2,Field2,NA,U,1,NA,Colombia,NA,14.3,NA,NA,NA,NA,60,NA,NA,NA,31,LJCS,0,Cardona-Salazar et al. 2020 https://esajournals.onlinelibrary.wiley.com/doi/full/10.1002/bes2.1690,Coereba flaveola,Mainland
80,AVIBASE-B78F2D6F,Coereba flaveola,Coereba flaveola,Coereba flaveola,Coereba flaveola,2,Field2,NA,U,0,NA,Colombia,NA,14,NA,NA,NA,19.2,55,NA,NA,NA,35,LJCS,0,Cardona-Salazar et al. 2020 https://esajournals.onlinelibrary.wiley.com/doi/full/10.1002/bes2.1690,Coereba flaveola,Mainland
81,AVIBASE-B78F2D6F,Coereba flaveola,Coereba flaveola,Coereba flaveola,Coereba flaveola,2,Field2,NA,U,0,NA,Colombia,NA,12.6,NA,NA,NA,18.7,55,NA,NA,NA,34,LJCS,0,Cardona-Salazar et al. 2020 https://esajournals.onlinelibrary.wiley.com/doi/full/10.1002/bes2.1690,Coereba flaveola,Mainland
82,AVIBASE-B78F2D6F,Coereba flaveola,Coereba flaveola,Coereba flaveola,Coereba flaveola,2,Field2,NA,U,1,NA,Colombia,NA,NA,NA,NA,NA,NA,51,NA,NA,NA,26,LJCS,0,Cardona-Salazar et al. 2020 https://esajournals.onlinelibrary.wiley.com/doi/full/10.1002/bes2.1690,Coereba flaveola,Mainland
83,AVIBASE-B78F2D6F,Coereba flaveola,Coereba flaveola,Coereba flaveola,Coereba flaveola,2,Field2,NA,U,0,NA,Colombia,NA,11.2,NA,NA,NA,20.5,58,NA,NA,NA,34,LJCS,0,Cardona-Salazar et al. 2020 https://esajournals.onlinelibrary.wiley.com/doi/full/10.1002/bes2.1690,Coereba flaveola,Mainland
84,AVIBASE-B78F2D6F,Coereba flaveola,Coereba flaveola,Coereba flaveola,Coereba flaveola,2,Field2,NA,U,0,NA,Colombia,NA,13.4,NA,NA,NA,18.1,58,NA,NA,NA,35,LJCS,0,Cardona-Salazar et al. 2020 https://esajournals.onlinelibrary.wiley.com/doi/full/10.1002/bes2.1690,Coereba flaveola,Mainland
85,AVIBASE-B78F2D6F,Coereba flaveola,Coereba flaveola,Coereba flaveola,Coereba flaveola,2,Field2,NA,U,0,NA,Colombia,NA,14.1,NA,NA,NA,18.1,52,NA,NA,NA,30,LJCS,0,Cardona-Salazar et al. 2020 https://esajournals.onlinelibrary.wiley.com/doi/full/10.1002/bes2.1690,Coereba flaveola,Mainland
86,AVIBASE-B78F2D6F,Coereba flaveola,Coereba flaveola,Coereba flaveola,Coereba flaveola,2,Field2,NA,U,0,NA,Colombia,NA,13,NA,NA,NA,17.1,58,NA,NA,NA,40,LJCS,0,Cardona-Salazar et al. 2020 https://esajournals.onlinelibrary.wiley.com/doi/full/10.1002/bes2.1690,Coereba flaveola,Mainland
87,AVIBASE-B78F2D6F,Coereba flaveola,Coereba flaveola,Coereba flaveola,Coereba flaveola,2,Field2,NA,U,0,NA,Colombia,NA,12.2,NA,NA,NA,17.5,52,NA,NA,NA,30,LJCS,0,Cardona-Salazar et al. 2020 https://esajournals.onlinelibrary.wiley.com/doi/full/10.1002/bes2.1690,Coereba flaveola,Mainland
88,AVIBASE-B78F2D6F,Coereba flaveola,Coereba flaveola,Coereba flaveola,Coereba flaveola,2,Field2,NA,U,0,NA,Colombia,NA,NA,NA,NA,NA,17.3,47,NA,NA,NA,35,LJCS,0,Cardona-Salazar et al. 2020 https://esajournals.onlinelibrary.wiley.com/doi/full/10.1002/bes2.1690,Coereba flaveola,Mainland
89,AVIBASE-B78F2D6F,Coereba flaveola,Coereba flaveola,Coereba flaveola,Coereba flaveola,2,Field2,NA,U,1,NA,Colombia,NA,14.3,NA,3,3.7,17.1,53,NA,NA,NA,35,LJCS,0,Cardona-Salazar et al. 2020 https://esajournals.onlinelibrary.wiley.com/doi/full/10.1002/bes2.1690,Coereba flaveola,Mainland
90,AVIBASE-B78F2D6F,Coereba flaveola,Coereba flaveola,Coereba flaveola,Coereba flaveola,2,Field2,NA,U,0,NA,Colombia,NA,10.4,NA,3.9,3.8,21.7,53,NA,NA,NA,29,LJCS,0,Cardona-Salazar et al. 2020 https://esajournals.onlinelibrary.wiley.com/doi/full/10.1002/bes2.1690,Coereba flaveola,Mainland
91,AVIBASE-B78F2D6F,Coereba flaveola,Coereba flaveola,Coereba flaveola,Coereba flaveola,2,Field2,NA,U,0,NA,Colombia,NA,13.5,NA,4.5,4.3,16.2,55,NA,NA,NA,32,LJCS,0,Cardona-Salazar et al. 2020 https://esajournals.onlinelibrary.wiley.com/doi/full/10.1002/bes2.1690,Coereba flaveola,Mainland
92,AVIBASE-B78F2D6F,Coereba flaveola,Coereba flaveola,Coereba flaveola,Coereba flaveola,2,Field2,NA,U,0,NA,Colombia,NA,13.2,NA,3.7,3.6,17.5,54,NA,NA,NA,38,LJCS,0,Cardona-Salazar et al. 2020 https://esajournals.onlinelibrary.wiley.com/doi/full/10.1002/bes2.1690,Coereba flaveola,Mainland
93,AVIBASE-B78F2D6F,Coereba flaveola,Coereba flaveola,Coereba flaveola,Coereba flaveola,2,Field2,NA,U,1,NA,Colombia,NA,12.1,NA,4.1,3.8,17.5,52,NA,NA,NA,32,LJCS,0,Cardona-Salazar et al. 2020 https://esajournals.onlinelibrary.wiley.com/doi/full/10.1002/bes2.1690,Coereba flaveola,Mainland
94,AVIBASE-B78F2D6F,Coereba flaveola,Coereba flaveola,Coereba flaveola,Coereba flaveola,2,Field2,NA,U,0,NA,Colombia,NA,14.6,NA,3.1,3.6,18.8,49,NA,NA,NA,38,LJCS,0,Cardona-Salazar et al. 2020 https://esajournals.onlinelibrary.wiley.com/doi/full/10.1002/bes2.1690,Coereba flaveola,Mainland
95,AVIBASE-B78F2D6F,Coereba flaveola,Coereba flaveola,Coereba flaveola,Coereba flaveola,2,Field2,NA,U,0,NA,Colombia,NA,15.4,NA,4,3.3,16.7,56,NA,NA,NA,35,LJCS,0,Cardona-Salazar et al. 2020 https://esajournals.onlinelibrary.wiley.com/doi/full/10.1002/bes2.1690,Coereba flaveola,Mainland
96,AVIBASE-B78F2D6F,Coereba flaveola,Coereba flaveola,Coereba flaveola,Coereba flaveola,2,Field2,NA,U,0,NA,Colombia,NA,13,NA,3.8,3.6,17.2,53,NA,NA,NA,38,LJCS,0,Cardona-Salazar et al. 2020 https://esajournals.onlinelibrary.wiley.com/doi/full/10.1002/bes2.1690,Coereba flaveola,Mainland
97,AVIBASE-B78F2D6F,Coereba flaveola,Coereba flaveola,Coereba flaveola,Coereba flaveola,2,Field2,NA,U,0,NA,Colombia,NA,11.5,NA,3.6,3.8,20.1,52,NA,NA,NA,30,LJCS,0,Cardona-Salazar et al. 2020 https://esajournals.onlinelibrary.wiley.com/doi/full/10.1002/bes2.1690,Coereba flaveola,Mainland
98,AVIBASE-B78F2D6F,Coereba flaveola,Coereba flaveola,Coereba flaveola,Coereba flaveola,2,Field2,NA,M,1,NA,Colombia,NA,11.5,NA,4.1,3.9,19.5,49,NA,NA,NA,28,LJCS,0,Cardona-Salazar et al. 2020 https://esajournals.onlinelibrary.wiley.com/doi/full/10.1002/bes2.1690,Coereba flaveola,Mainland
99,AVIBASE-B78F2D6F,Coereba flaveola,Coereba flaveola,Coereba flaveola,Coereba flaveola,2,Field2,NA,M,0,NA,Colombia,NA,NA,NA,NA,NA,20.8,53,NA,NA,NA,27,LJCS,0,Cardona-Salazar et al. 2020 https://esajournals.onlinelibrary.wiley.com/doi/full/10.1002/bes2.1690,Coereba flaveola,Mainland
100,AVIBASE-B78F2D6F,Coereba flaveola,Coereba flaveola,Coereba flaveola,Coereba flaveola,2,Field2,NA,M,0,NA,Colombia,NA,10.6,NA,3.3,4.4,17.8,47,NA,NA,NA,32,LJCS,0,Cardona-Salazar et al. 2020 https://esajournals.onlinelibrary.wiley.com/doi/full/10.1002/bes2.1690,Coereba flaveola,Mainland
101,AVIBASE-B78F2D6F,Coereba flaveola,Coereba flaveola,Coereba flaveola,Coereba flaveola,2,Field2,NA,M,0,NA,Colombia,NA,12.2,NA,3.9,4.2,20.8,52,NA,NA,NA,27,LJCS,0,Cardona-Salazar et al. 2020 https://esajournals.onlinelibrary.wiley.com/doi/full/10.1002/bes2.1690,Coereba flaveola,Mainland
102,AVIBASE-B78F2D6F,Coereba flaveola,Coereba flaveola,Coereba flaveola,Coereba flaveola,2,Field2,NA,U,0,NA,Colombia,NA,11.1,NA,4.6,4,21.1,53,NA,NA,NA,23,LJCS,0,Cardona-Salazar et al. 2020 https://esajournals.onlinelibrary.wiley.com/doi/full/10.1002/bes2.1690,Coereba flaveola,Mainland
103,AVIBASE-B78F2D6F,Coereba flaveola,Coereba flaveola,Coereba flaveola,Coereba flaveola,2,Field2,NA,U,0,NA,Colombia,NA,10.9,NA,3.8,3.9,21.5,50,NA,NA,NA,32,LJCS,0,Cardona-Salazar et al. 2020 https://esajournals.onlinelibrary.wiley.com/doi/full/10.1002/bes2.1690,Coereba flaveola,Mainland
104,AVIBASE-B78F2D6F,Coereba flaveola,Coereba flaveola,Coereba flaveola,Coereba flaveola,1,UCR,NA,F,1,NA,Costa Rica,NA,NA,10.2,3.1,3.5,15.7,49.5,NA,NA,NA,22,AC,0,NA,Coereba flaveola,Mainland
105,AVIBASE-B78F2D6F,Coereba flaveola,Coereba flaveola,Coereba flaveola,Coereba flaveola,1,UCR,NA,F,0,NA,Costa Rica,NA,NA,9.9,2.8,3.5,NA,52,NA,NA,NA,28,AC,0,NA,Coereba flaveola,Mainland
106,AVIBASE-B78F2D6F,Coereba flaveola,Coereba flaveola,Coereba flaveola,Coereba flaveola,1,UCR,NA,F,0,NA,Costa Rica,NA,NA,10.5,3.6,3.9,14.6,52,NA,NA,NA,25,AC,0,NA,Coereba flaveola,Mainland
107,AVIBASE-B78F2D6F,Coereba flaveola,Coereba flaveola,Coereba flaveola,Coereba flaveola,1,UCR,NA,M,0,NA,Costa Rica,NA,NA,9.9,5.5,4.1,16,56,NA,NA,NA,31,AC,0,NA,Coereba flaveola,Mainland
108,AVIBASE-B78F2D6F,Coereba flaveola,Coereba flaveola,Coereba flaveola,Coereba flaveola,1,UCR,NA,M,0,NA,Costa Rica,NA,NA,9.6,3,3.7,15.1,56.5,NA,NA,NA,30,AC,0,NA,Coereba flaveola,Mainland
109,AVIBASE-B78F2D6F,Coereba flaveola,Coereba flaveola,Coereba flaveola,Coereba flaveola,1,MNCR,NA,M,0,NA,Costa Rica,NA,NA,9.8,3,3.8,15.2,55,NA,NA,NA,31,AC,0,NA,Coereba flaveola,Mainland
110,AVIBASE-B78F2D6F,Coereba flaveola,Coereba flaveola,Coereba flaveola,Coereba flaveola,2,Field1,NA,U,0,NA,Costa Rica,NA,NA,10.1,3.4,3.4,19.3,54,NA,NA,NA,31,AMS,0,NA,Coereba flaveola,Mainland
111,AVIBASE-B78F2D6F,Coereba flaveola,Coereba flaveola,Coereba flaveola,Coereba flaveola,2,Field1,NA,U,0,NA,Costa Rica,NA,NA,10.2,3.7,3.6,17.2,51.5,NA,NA,NA,30,AMS,0,NA,Coereba flaveola,Mainland
112,AVIBASE-B78F2D6F,Coereba flaveola,Coereba flaveola,Coereba flaveola,Coereba flaveola,2,Field1,NA,U,0,NA,Costa Rica,NA,NA,10.6,3.2,3.6,17.9,50.5,NA,NA,NA,24,AMS,0,NA,Coereba flaveola,Mainland
113,AVIBASE-B78F2D6F,Coereba flaveola,Coereba flaveola,Coereba flaveola,Coereba flaveola,2,Field1,NA,U,0,NA,Peru,NA,15,9.8,3.2,3.6,16.4,61,13.3,47.7,21.8,38,MJ,1,NA,Coereba flaveola,Mainland
114,AVIBASE-B78F2D6F,Coereba flaveola,Coereba flaveola,Coereba flaveola,Coereba flaveola,2,Field1,NA,U,0,NA,Peru,NA,14.5,10.6,3.3,3.7,17.7,58,14.5,43.5,25,36,ML,1,NA,Coereba flaveola,Mainland
115,AVIBASE-B78F2D6F,Coereba flaveola,Coereba flaveola,Coereba flaveola,Coereba flaveola,1,MHN-UCa,NA,U,0,NA,Colombia,NA,13.6,NA,4.6,4.1,15.1,55,NA,NA,NA,35,LJCS,0,Cardona-Salazar et al. 2020 https://esajournals.onlinelibrary.wiley.com/doi/full/10.1002/bes2.1690,Coereba flaveola,Mainland
116,AVIBASE-B78F2D6F,Coereba flaveola,Coereba flaveola,Coereba flaveola,Coereba flaveola,1,MHN-UCa,NA,M,0,NA,Colombia,NA,13.9,NA,4,3.4,13.3,57,NA,NA,NA,38,LJCS,0,Cardona-Salazar et al. 2020 https://esajournals.onlinelibrary.wiley.com/doi/full/10.1002/bes2.1690,Coereba flaveola,Mainland
117,AVIBASE-C29CE0E7,Euphonia affinis,Euphonia affinis,Euphonia affinis,Euphonia affinis,1,NHMUK,1894.7.1.145,M,0,NA,Mexico,NA,9.6,4.8,3.7,3.9,12.3,53,14.6,38.4,27.5,31,HM,1,NA,Euphonia affinis,Mainland
118,AVIBASE-C29CE0E7,Euphonia affinis,Euphonia affinis,Euphonia affinis,Euphonia affinis,1,NHMUK,1894.7.1.147,F,0,NA,Mexico,NA,9.2,5.1,3.8,4.2,12.2,53.5,14.2,39.3,26.5,32.5,HM,1,NA,Euphonia affinis,Mainland
119,AVIBASE-C29CE0E7,Euphonia affinis,Euphonia affinis,Euphonia affinis,Euphonia affinis,1,NHMUK,1894.7.1.148,M,0,NA,Mexico,NA,10.1,4.8,3.8,3.7,13.7,52.5,13.7,38.8,26.1,31.5,HM,1,NA,Euphonia affinis,Mainland
120,AVIBASE-C29CE0E7,Euphonia affinis,Euphonia affinis,Euphonia affinis,Euphonia affinis,1,NHMUK,1894.7.1.156,F,0,NA,Mexico,NA,9.5,5.3,3.6,4,13.3,53,12.8,40.2,24.2,33,HM,1,NA,Euphonia affinis,Mainland
121,AVIBASE-C29CE0E7,Euphonia affinis,Euphonia affinis,Euphonia affinis,Euphonia affinis,1,ZFMK,1963-261,M,0,NA,Mexico,NA,9.2,NA,NA,NA,12.2,53,12,41,22.6,33,DH,0,NA,Euphonia affinis,Mainland
122,AVIBASE-C29CE0E7,Euphonia affinis,Euphonia affinis,Euphonia affinis,Euphonia affinis,1,ZFMK,1963-262,F,0,NA,Mexico,NA,8.8,NA,NA,NA,12.2,52.5,11,41.5,21,32,DH,0,NA,Euphonia affinis,Mainland
123,AVIBASE-C29CE0E7,Euphonia affinis,Euphonia affinis,Euphonia affinis,Euphonia affinis,1,NHMD,NOLABEL,F,0,NA,Nicaragua,NA,9.7,NA,NA,NA,12.7,54.5,14.4,40.1,26.4,29,LN,0,NA,Euphonia affinis,Mainland
124,AVIBASE-C29CE0E7,Euphonia affinis,Euphonia affinis,Euphonia affinis,Euphonia affinis,1,NHMD,NOLABEL,M,0,NA,Nicaragua,NA,9.9,NA,NA,NA,13.2,55.5,14,41.5,25.2,32,LN,0,NA,Euphonia affinis,Mainland
125,AVIBASE-C29CE0E7,Euphonia affinis,Euphonia affinis,Euphonia affinis,Euphonia affinis,1,NHMUK,94.7.1.150,M,0,NA,NA,NA,8.1,NA,3.8,4.1,12.4,53,NA,NA,NA,31,GT,0,NA,Euphonia affinis,Mainland
126,AVIBASE-71C90D9E,Euphonia chlorotica,Euphonia chlorotica,Euphonia chlorotica,Euphonia chlorotica,1,ZFMK,54.843,M,0,NA,Bolivia,NA,9.3,NA,NA,NA,13.4,60,15,45,25,35,TT,0,NA,Euphonia chlorotica,Mainland
127,AVIBASE-71C90D9E,Euphonia chlorotica,Euphonia chlorotica,Euphonia chlorotica,Euphonia chlorotica,1,UFPE,994,F,0,NA,Brazil,NA,6.3,NA,NA,4,10.9,53.9,13.4,40.6,24.8,30.9,VL,0,NA,Euphonia chlorotica,Mainland
128,AVIBASE-71C90D9E,Euphonia chlorotica,Euphonia chlorotica,Euphonia chlorotica,Euphonia chlorotica,1,UFPE,1056,M,0,NA,Brazil,NA,7.7,NA,NA,4.1,12.3,55.6,14.1,41.5,25.3,34.8,VL,0,NA,Euphonia chlorotica,Mainland
129,AVIBASE-71C90D9E,Euphonia chlorotica,Euphonia chlorotica,Euphonia chlorotica,Euphonia chlorotica,1,UFPE,1057,F,0,NA,Brazil,NA,7.7,NA,NA,3.8,11.6,55.5,12.6,42.8,22.8,33,VL,0,NA,Euphonia chlorotica,Mainland
130,AVIBASE-71C90D9E,Euphonia chlorotica,Euphonia chlorotica,Euphonia chlorotica,Euphonia chlorotica,1,UFPE,1313,M,0,NA,Brazil,NA,7.8,NA,NA,4.5,11.4,52.7,15.4,37.3,29.2,34.8,VL,0,NA,Euphonia chlorotica,Mainland
131,AVIBASE-71C90D9E,Euphonia chlorotica,Euphonia chlorotica,Euphonia chlorotica,Euphonia chlorotica,1,NHMUK,1885.6.12.53,M,0,NA,Brazil,NA,10.8,5.3,4,4.1,13.3,55,10.2,44.8,18.5,30,TB,1,NA,Euphonia chlorotica,Mainland
132,AVIBASE-71C90D9E,Euphonia chlorotica,Euphonia chlorotica,Euphonia chlorotica,Euphonia chlorotica,1,NHMUK,1889.1.10.192,F,0,NA,Brazil,NA,10.2,5.8,4,3.8,13.3,55,10.5,44.5,19.1,29,TB,1,NA,Euphonia chlorotica,Mainland
133,AVIBASE-71C90D9E,Euphonia chlorotica,Euphonia chlorotica,Euphonia chlorotica,Euphonia chlorotica,1,NHMUK,1895.4.1.207,M,0,NA,Brazil,NA,10.9,6.5,4.1,4.2,14.6,59,16.1,42.9,27.3,30,TB,1,NA,Euphonia chlorotica,Mainland
134,AVIBASE-71C90D9E,Euphonia chlorotica,Euphonia chlorotica,Euphonia chlorotica,Euphonia chlorotica,1,NHMUK,1905.10.12.691,F,0,NA,Paraguay,NA,10.9,6.1,4.2,4.1,14.9,56,10.5,45.5,18.8,30,TB,1,NA,Euphonia chlorotica,Mainland
135,AVIBASE-71C90D9E,Euphonia chlorotica,Euphonia chlorotica,Euphonia chlorotica,Euphonia chlorotica,1,NHMUK,85.6.12.59,F,0,NA,Peru,NA,9.7,NA,NA,NA,12.9,56.5,15.5,41,27.4,34,TT,0,NA,Euphonia chlorotica,Mainland
136,AVIBASE-71C90D9E,Euphonia chlorotica,Euphonia chlorotica,Euphonia chlorotica,Euphonia chlorotica,1,NHMUK,85.6.4.90,F,0,NA,Bolivia,NA,9.9,NA,NA,NA,12.2,61,16,45,26.2,36,TT,0,NA,Euphonia chlorotica,Mainland
137,AVIBASE-71C90D9E,Euphonia chlorotica,Euphonia chlorotica,Euphonia chlorotica,Euphonia chlorotica,1,NHMUK,96.10.6.136,M,0,NA,Peru,NA,9.8,NA,NA,NA,13.9,57.5,15,42.5,26.1,35.5,TT,0,NA,Euphonia chlorotica,Mainland
138,AVIBASE-71C90D9E,Euphonia chlorotica,Euphonia chlorotica,Euphonia chlorotica,Euphonia chlorotica,1,NHMUK,1905.10.12.692,M,0,NA,NA,NA,8.3,NA,4,3.8,13.6,60,NA,NA,NA,35,GT,0,NA,Euphonia chlorotica,Mainland
139,AVIBASE-852ECDA2,Euphonia cyanocephala,Chlorophonia cyanocephala,Chlorophonia cyanocephala,Euphonia cyanocephala,1,MHN-UCa,32962,M,0,NA,Colombia,NA,8.2,NA,4.7,4.1,13.8,63,NA,NA,NA,37,LJCS,0,Cardona-Salazar et al. 2020 https://esajournals.onlinelibrary.wiley.com/doi/full/10.1002/bes2.1690,Chlorophonia cyanocephala,Mainland
140,AVIBASE-852ECDA2,Euphonia cyanocephala,Chlorophonia cyanocephala,Chlorophonia cyanocephala,Euphonia cyanocephala,1,MHN-UCa,32962,M,0,NA,Colombia,NA,7.6,NA,5,3.8,13.8,63,NA,NA,NA,38,LJCS,0,Cardona-Salazar et al. 2020 https://esajournals.onlinelibrary.wiley.com/doi/full/10.1002/bes2.1690,Chlorophonia cyanocephala,Mainland
141,AVIBASE-852ECDA2,Euphonia cyanocephala,Chlorophonia cyanocephala,Chlorophonia cyanocephala,Euphonia cyanocephala,1,FMNH,182040,F,0,NA,Bolivia,NA,NA,NA,NA,4.2,14.3,63,19.3,43.7,30.6,41,FAMC,0,NA,Chlorophonia cyanocephala,Mainland
142,AVIBASE-852ECDA2,Euphonia cyanocephala,Chlorophonia cyanocephala,Chlorophonia cyanocephala,Euphonia cyanocephala,1,FMNH,182041,M,0,NA,Bolivia,NA,NA,NA,NA,4.6,14.6,60,18.9,41.1,31.5,39,FAMC,0,NA,Chlorophonia cyanocephala,Mainland
143,AVIBASE-852ECDA2,Euphonia cyanocephala,Chlorophonia cyanocephala,Chlorophonia cyanocephala,Euphonia cyanocephala,1,FMNH,182042,M,0,NA,Bolivia,NA,NA,NA,NA,4.7,15.2,64,20.1,43.9,31.4,39,FAMC,0,NA,Chlorophonia cyanocephala,Mainland
144,AVIBASE-852ECDA2,Euphonia cyanocephala,Chlorophonia cyanocephala,Chlorophonia cyanocephala,Euphonia cyanocephala,1,FMNH,182044,F,0,NA,Bolivia,NA,NA,NA,NA,4.2,15.1,62,19.1,42.9,30.8,39,FAMC,0,NA,Chlorophonia cyanocephala,Mainland
145,AVIBASE-852ECDA2,Euphonia cyanocephala,Chlorophonia cyanocephala,Chlorophonia cyanocephala,Euphonia cyanocephala,1,NHMUK,1858.1.11.61,F,0,NA,Colombia,NA,10.6,5.8,4.1,3.7,14.1,64,20.5,43.5,32,35,TB,1,NA,Chlorophonia cyanocephala,Mainland
146,AVIBASE-852ECDA2,Euphonia cyanocephala,Chlorophonia cyanocephala,Chlorophonia cyanocephala,Euphonia cyanocephala,1,NHMUK,1885.6.12.38,M,0,NA,Colombia,NA,10,5.4,4,3.6,14.8,66,20,46,30.3,36,TB,1,NA,Chlorophonia cyanocephala,Mainland
147,AVIBASE-852ECDA2,Euphonia cyanocephala,Chlorophonia cyanocephala,Chlorophonia cyanocephala,Euphonia cyanocephala,1,NHMUK,1885.6.4.60,M,0,NA,Colombia,NA,10.4,5.5,4,3.8,13.6,63,19.5,43.5,31,38,TB,1,NA,Chlorophonia cyanocephala,Mainland
148,AVIBASE-852ECDA2,Euphonia cyanocephala,Chlorophonia cyanocephala,Chlorophonia cyanocephala,Euphonia cyanocephala,1,NHMUK,1885.6.4.63,F,0,NA,Colombia,NA,9.5,5.3,4,4.5,15.2,64,19.4,44.6,30.3,37,TB,1,NA,Chlorophonia cyanocephala,Mainland
149,AVIBASE-852ECDA2,Euphonia cyanocephala,Chlorophonia cyanocephala,Chlorophonia cyanocephala,Euphonia cyanocephala,1,NHMUK,1885.6.4.69,M,0,NA,Brazil,NA,10.3,5.5,4,4.3,14.5,63,16.6,46.4,26.3,36,TB,1,NA,Chlorophonia cyanocephala,Mainland
150,AVIBASE-852ECDA2,Euphonia cyanocephala,Chlorophonia cyanocephala,Chlorophonia cyanocephala,Euphonia cyanocephala,1,NHMUK,1905.10.12.714,F,0,NA,Paraguay,NA,10.8,5.1,3.9,3.8,15.8,64,13.5,50.5,21.1,37,TB,1,NA,Chlorophonia cyanocephala,Mainland
151,AVIBASE-852ECDA2,Euphonia cyanocephala,Chlorophonia cyanocephala,Chlorophonia cyanocephala,Euphonia cyanocephala,1,NHMUK,1905.10.12.718,M,0,NA,Paraguay,NA,10.2,5.5,3.9,4.1,14.6,67,16,51,23.9,38,TB,1,NA,Chlorophonia cyanocephala,Mainland
152,AVIBASE-852ECDA2,Euphonia cyanocephala,Chlorophonia cyanocephala,Chlorophonia cyanocephala,Euphonia cyanocephala,1,NHMUK,1905.10.12.719,F,0,NA,Paraguay,NA,10.5,5.1,4.1,4,13.1,63,13.4,49.6,21.3,36,TB,1,NA,Chlorophonia cyanocephala,Mainland
153,AVIBASE-852ECDA2,Euphonia cyanocephala,Chlorophonia cyanocephala,Chlorophonia cyanocephala,Euphonia cyanocephala,1,ZFMK,1953-76,F,0,NA,Bolivia,NA,8.6,NA,NA,NA,14.2,65,20,45,30.8,37,LN,0,NA,Chlorophonia cyanocephala,Mainland
154,AVIBASE-852ECDA2,Euphonia cyanocephala,Chlorophonia cyanocephala,Chlorophonia cyanocephala,Euphonia cyanocephala,1,ZFMK,j.IV.1.a.?,M,0,NA,Paraguay,NA,9,NA,NA,NA,14.5,67,21,46,31.3,38,LN,0,NA,Chlorophonia cyanocephala,Mainland
155,AVIBASE-852ECDA2,Euphonia cyanocephala,Chlorophonia cyanocephala,Chlorophonia cyanocephala,Euphonia cyanocephala,1,ZFMK,J.IV.1.a.?,M,0,NA,Paraguay,NA,9.3,NA,NA,NA,14.9,68,21,47,30.9,37,LN,0,NA,Chlorophonia cyanocephala,Mainland
156,AVIBASE-852ECDA2,Euphonia cyanocephala,Chlorophonia cyanocephala,Chlorophonia cyanocephala,Euphonia cyanocephala,2,Field2,NA,M,0,NA,Colombia,NA,7.1,NA,NA,NA,14.5,65,NA,NA,NA,40,LJCS,0,Cardona-Salazar et al. 2020 https://esajournals.onlinelibrary.wiley.com/doi/full/10.1002/bes2.1690,Chlorophonia cyanocephala,Mainland
157,AVIBASE-852ECDA2,Euphonia cyanocephala,Chlorophonia cyanocephala,Chlorophonia cyanocephala,Euphonia cyanocephala,1,NHMUK,85.6.4.64,M,0,NA,NA,NA,8.7,NA,3.8,3.9,14.4,66,NA,NA,NA,41,GT,0,NA,Chlorophonia cyanocephala,Mainland
158,AVIBASE-35A15369,Euphonia elegantissima,Chlorophonia elegantissima,Chlorophonia elegantissima,Euphonia elegantissima,1,NHMUK,1894.7.1.107,F,0,NA,Mexico,NA,9.7,4.5,3.4,3.7,14.1,66,20,46,30.3,39,HM,1,NA,Chlorophonia elegantissima,Mainland
159,AVIBASE-35A15369,Euphonia elegantissima,Chlorophonia elegantissima,Chlorophonia elegantissima,Euphonia elegantissima,1,NHMUK,1894.7.1.116,F,0,NA,Mexico,NA,10.1,4.7,3.8,3.9,13.9,64.5,21,43.5,32.6,37.5,HM,1,NA,Chlorophonia elegantissima,Mainland
160,AVIBASE-35A15369,Euphonia elegantissima,Chlorophonia elegantissima,Chlorophonia elegantissima,Euphonia elegantissima,1,NHMUK,1894.7.1.97,M,0,NA,Mexico,NA,10.1,4.6,4,3.9,13.8,68,24,44,35.3,41,HM,1,NA,Chlorophonia elegantissima,Mainland
161,AVIBASE-35A15369,Euphonia elegantissima,Chlorophonia elegantissima,Chlorophonia elegantissima,Euphonia elegantissima,1,NHMUK,1898.12.14.241,M,0,NA,Mexico,NA,9.4,4.6,3.8,4.3,14.2,66,20.1,45.9,30.5,37,HM,1,NA,Chlorophonia elegantissima,Mainland
162,AVIBASE-35A15369,Euphonia elegantissima,Chlorophonia elegantissima,Chlorophonia elegantissima,Euphonia elegantissima,1,NHMUK,94.7.1.121,M,0,NA,Mexico,NA,9.6,NA,4.8,4.2,15.3,69,NA,NA,NA,41,GT,0,NA,Chlorophonia elegantissima,Mainland
163,AVIBASE-3A3120CE,Euphonia flavifrons,Chlorophonia musica,Chlorophonia musica flavifrons,Euphonia musica,1,NHMUK,1904.8.17.162,M,0,NA,Antigua & Barbuda,NA,9.4,NA,4.3,4.4,18.4,63,NA,NA,NA,41,GT,0,NA,Chlorophonia flavifrons,Lesser Antilles - Kalinago
164,AVIBASE-0676F27A,Euphonia fulvicrissa,Euphonia fulvicrissa,Euphonia fulvicrissa,Euphonia fulvicrissa,1,NHMUK,85.6.4.170,M,0,NA,Panama,NA,8,6.1,5.3,5.6,14,51,9.4,41.6,18.4,26,CS,1,NA,Euphonia fulvicrissa,Mainland
165,AVIBASE-0676F27A,Euphonia fulvicrissa,Euphonia fulvicrissa,Euphonia fulvicrissa,Euphonia fulvicrissa,1,NHMUK,85.6.4.171,F,0,NA,Panama,NA,11.1,7.2,5.4,5.3,16.1,52,10.2,41.8,19.6,28,CS,1,NA,Euphonia fulvicrissa,Mainland
166,AVIBASE-0676F27A,Euphonia fulvicrissa,Euphonia fulvicrissa,Euphonia fulvicrissa,Euphonia fulvicrissa,1,NHMUK,85.6.4.172,F,0,NA,Panama,NA,10.2,6.9,4.4,4.9,14.2,51,12.4,38.6,24.3,24,CS,1,NA,Euphonia fulvicrissa,Mainland
167,AVIBASE-0676F27A,Euphonia fulvicrissa,Euphonia fulvicrissa,Euphonia fulvicrissa,Euphonia fulvicrissa,1,NHMUK,85.6.4.173,M,0,NA,Panama,NA,10.8,5.9,4.6,4.8,15.2,52,9.8,42.2,18.8,24,CS,1,NA,Euphonia fulvicrissa,Mainland
168,AVIBASE-0676F27A,Euphonia fulvicrissa,Euphonia fulvicrissa,Euphonia fulvicrissa,Euphonia fulvicrissa,1,STRI,STRIBC2498,M,0,NA,Panama,NA,11.1,6.5,4.6,4.6,14.4,48,9.5,38.5,19.8,29,RJM,1,NA,Euphonia fulvicrissa,Mainland
169,AVIBASE-0676F27A,Euphonia fulvicrissa,Euphonia fulvicrissa,Euphonia fulvicrissa,Euphonia fulvicrissa,1,NHMUK,85.6.4.1968,M,0,NA,NA,NA,9.5,NA,3.9,4.3,13.1,53,NA,NA,NA,29,GT,0,NA,Euphonia fulvicrissa,Mainland
170,AVIBASE-C3FD23AB,Euphonia gouldi,Euphonia gouldi,Euphonia gouldi,Euphonia gouldi,1,NHMUK,1885.6.12.166,M,0,NA,Guatemala,NA,12.7,6.6,4,5,14.1,57,13.5,43.5,23.7,29,HM,1,NA,Euphonia gouldi,Mainland
171,AVIBASE-C3FD23AB,Euphonia gouldi,Euphonia gouldi,Euphonia gouldi,Euphonia gouldi,1,NHMUK,1885.6.4.246,M,0,NA,Guatemala,NA,12.5,6.7,4.1,5.1,15.1,58.5,12.3,46.2,21,29,HM,1,NA,Euphonia gouldi,Mainland
172,AVIBASE-C3FD23AB,Euphonia gouldi,Euphonia gouldi,Euphonia gouldi,Euphonia gouldi,1,NHMUK,1898.12.14.2415,F,0,NA,Nicaragua,NA,12.3,6.8,4,4.7,14.3,55,12.1,42.9,22,27,HM,1,NA,Euphonia gouldi,Mainland
173,AVIBASE-C3FD23AB,Euphonia gouldi,Euphonia gouldi,Euphonia gouldi,Euphonia gouldi,1,NHMUK,1969.52.58,F,0,NA,Guatemala,NA,12.2,6.3,4.1,5.1,14.7,57,12.7,44.3,22.3,29,HM,1,NA,Euphonia gouldi,Mainland
174,AVIBASE-C3FD23AB,Euphonia gouldi,Euphonia gouldi,Euphonia gouldi,Euphonia gouldi,1,MNCR,NA,F,0,NA,Costa Rica,NA,NA,7.1,5.1,4.8,13.6,49,NA,NA,NA,25,AC,0,NA,Euphonia gouldi,Mainland
175,AVIBASE-C3FD23AB,Euphonia gouldi,Euphonia gouldi,Euphonia gouldi,Euphonia gouldi,1,MNCR,NA,F,0,NA,Costa Rica,NA,NA,6.8,5.4,5.1,12.3,51,NA,NA,NA,25,AC,0,NA,Euphonia gouldi,Mainland
176,AVIBASE-C3FD23AB,Euphonia gouldi,Euphonia gouldi,Euphonia gouldi,Euphonia gouldi,1,MNCR,NA,M,0,NA,Costa Rica,NA,NA,7.3,5,4.9,12.8,51,NA,NA,NA,24,AC,0,NA,Euphonia gouldi,Mainland
177,AVIBASE-C3FD23AB,Euphonia gouldi,Euphonia gouldi,Euphonia gouldi,Euphonia gouldi,1,MNCR,NA,M,0,NA,Costa Rica,NA,NA,7.4,5.6,4.9,12.7,52,NA,NA,NA,25,AC,0,NA,Euphonia gouldi,Mainland
178,AVIBASE-C3FD23AB,Euphonia gouldi,Euphonia gouldi,Euphonia gouldi,Euphonia gouldi,1,MNCR,NA,M,0,NA,Costa Rica,NA,NA,7,5.4,5.1,13.8,52.5,NA,NA,NA,23,AC,0,NA,Euphonia gouldi,Mainland
179,AVIBASE-C3FD23AB,Euphonia gouldi,Euphonia gouldi,Euphonia gouldi,Euphonia gouldi,1,MNCR,NA,M,0,NA,Costa Rica,NA,NA,6.6,5.7,4.9,14,54,NA,NA,NA,23,AC,0,NA,Euphonia gouldi,Mainland
180,AVIBASE-C3FD23AB,Euphonia gouldi,Euphonia gouldi,Euphonia gouldi,Euphonia gouldi,1,MNCR,NA,F,0,NA,Costa Rica,NA,NA,6.9,4.4,4.6,13.9,54,NA,NA,NA,23,AC,0,NA,Euphonia gouldi,Mainland
181,AVIBASE-C3FD23AB,Euphonia gouldi,Euphonia gouldi,Euphonia gouldi,Euphonia gouldi,1,MNCR,NA,M,0,NA,Costa Rica,NA,NA,5.8,4.5,4.6,14,54,NA,NA,NA,24.5,AC,0,NA,Euphonia gouldi,Mainland
182,AVIBASE-C3FD23AB,Euphonia gouldi,Euphonia gouldi,Euphonia gouldi,Euphonia gouldi,1,MNCR,NA,F,0,NA,Costa Rica,NA,NA,7.6,5.7,5.2,NA,54,NA,NA,NA,24,AC,0,NA,Euphonia gouldi,Mainland
183,AVIBASE-C3FD23AB,Euphonia gouldi,Euphonia gouldi,Euphonia gouldi,Euphonia gouldi,1,UCR,NA,F,0,NA,Costa Rica,NA,NA,6.8,5,5.6,14.3,48.5,NA,NA,NA,23,AC,0,NA,Euphonia gouldi,Mainland
184,AVIBASE-C3FD23AB,Euphonia gouldi,Euphonia gouldi,Euphonia gouldi,Euphonia gouldi,1,UCR,NA,U,1,NA,Costa Rica,NA,NA,5.9,4.8,4.2,15.4,49.5,NA,NA,NA,23,AC,0,NA,Euphonia gouldi,Mainland
185,AVIBASE-C3FD23AB,Euphonia gouldi,Euphonia gouldi,Euphonia gouldi,Euphonia gouldi,1,UCR,NA,F,0,NA,Costa Rica,NA,NA,5.7,4.6,4.8,NA,55,NA,NA,NA,21,AC,0,NA,Euphonia gouldi,Mainland
186,AVIBASE-C3FD23AB,Euphonia gouldi,Euphonia gouldi,Euphonia gouldi,Euphonia gouldi,2,Field1,NA,F,0,NA,Costa Rica,NA,NA,6.1,4.2,4.6,7.6,53.5,NA,NA,NA,24,AMS,0,NA,Euphonia gouldi,Mainland
187,AVIBASE-C3FD23AB,Euphonia gouldi,Euphonia gouldi,Euphonia gouldi,Euphonia gouldi,2,Field1,NA,F,0,NA,Costa Rica,NA,NA,6.4,4.1,5,17.5,51,NA,NA,NA,24,AMS,0,NA,Euphonia gouldi,Mainland
188,AVIBASE-C3FD23AB,Euphonia gouldi,Euphonia gouldi,Euphonia gouldi,Euphonia gouldi,2,Field1,NA,F,0,NA,Costa Rica,NA,NA,6.1,4.8,5,17.4,52.5,NA,NA,NA,25,AMS,0,NA,Euphonia gouldi,Mainland
189,AVIBASE-C3FD23AB,Euphonia gouldi,Euphonia gouldi,Euphonia gouldi,Euphonia gouldi,2,Field1,NA,F,0,NA,Costa Rica,NA,NA,3.4,2.2,NA,8.5,54.5,NA,NA,NA,26,AMR,0,NA,Euphonia gouldi,Mainland
190,AVIBASE-C3FD23AB,Euphonia gouldi,Euphonia gouldi,Euphonia gouldi,Euphonia gouldi,2,Field1,NA,M,0,NA,Costa Rica,NA,NA,6.8,4.9,5.1,17.3,56,NA,NA,NA,29,AMR,0,NA,Euphonia gouldi,Mainland
191,AVIBASE-C3FD23AB,Euphonia gouldi,Euphonia gouldi,Euphonia gouldi,Euphonia gouldi,2,Field1,NA,F,0,NA,Costa Rica,NA,NA,6.8,4.1,4.9,16.5,52,NA,NA,NA,26,AMR,0,NA,Euphonia gouldi,Mainland
192,AVIBASE-C3FD23AB,Euphonia gouldi,Euphonia gouldi,Euphonia gouldi,Euphonia gouldi,2,Field1,NA,M,0,NA,Costa Rica,NA,NA,6.5,4.5,5,18,53,NA,NA,NA,25,AMS,0,NA,Euphonia gouldi,Mainland
193,AVIBASE-C3FD23AB,Euphonia gouldi,Euphonia gouldi,Euphonia gouldi,Euphonia gouldi,2,Field1,NA,M,0,NA,Costa Rica,NA,NA,6.8,4.2,4.6,17.1,53.5,NA,NA,NA,27,AMR,0,NA,Euphonia gouldi,Mainland
194,AVIBASE-C3FD23AB,Euphonia gouldi,Euphonia gouldi,Euphonia gouldi,Euphonia gouldi,2,Field1,NA,M,0,NA,Costa Rica,NA,NA,7.2,4.5,5.2,15.5,54,NA,NA,NA,28,AMR,0,NA,Euphonia gouldi,Mainland
195,AVIBASE-C3FD23AB,Euphonia gouldi,Euphonia gouldi,Euphonia gouldi,Euphonia gouldi,2,Field1,NA,F,0,NA,Costa Rica,NA,NA,6.1,4.5,4.7,16.6,50.5,NA,NA,NA,24,AMS,0,NA,Euphonia gouldi,Mainland
196,AVIBASE-C3FD23AB,Euphonia gouldi,Euphonia gouldi,Euphonia gouldi,Euphonia gouldi,1,NHMUK,94.7.1.231,M,0,NA,NA,NA,11.1,NA,4.7,5.1,15,57,NA,NA,NA,29,GT,0,NA,Euphonia gouldi,Mainland
197,AVIBASE-2F99B3B8,Euphonia jamaica,Euphonia jamaica,Euphonia jamaica,Euphonia jamaica,1,NHMUK,1870.4.12.18,F,0,NA,Jamaica,NA,11.6,6.3,5.2,6.1,17.8,65.5,17.5,48,26.7,40,HM,1,NA,Euphonia jamaica,Greater Antilles
198,AVIBASE-2F99B3B8,Euphonia jamaica,Euphonia jamaica,Euphonia jamaica,Euphonia jamaica,1,NHMUK,1885.6.4.268,F,0,NA,Jamaica,NA,11.1,6.1,4.7,5.8,16.9,63,15.4,47.6,24.4,36,HM,1,NA,Euphonia jamaica,Greater Antilles
199,AVIBASE-2F99B3B8,Euphonia jamaica,Euphonia jamaica,Euphonia jamaica,Euphonia jamaica,1,NHMUK,1905.18.17.9,M,0,NA,Jamaica,NA,11.1,6,4.8,6.8,16.4,62,16,46,25.8,38,HM,1,NA,Euphonia jamaica,Greater Antilles
200,AVIBASE-2F99B3B8,Euphonia jamaica,Euphonia jamaica,Euphonia jamaica,Euphonia jamaica,1,NHMUK,1905.8.17.8,M,0,NA,Jamaica,NA,11.1,6,5,6.1,16.4,65,16.5,48.5,25.4,39,HM,1,NA,Euphonia jamaica,Greater Antilles
201,AVIBASE-F1D2C345,Euphonia laniirostris,Euphonia laniirostris,Euphonia laniirostris,Euphonia laniirostris,1,ZFMK,53.289,M,0,NA,Peru,NA,12.5,NA,NA,NA,14.1,65,15,50,23.1,39,TT,0,NA,Euphonia laniirostris,Mainland
202,AVIBASE-F1D2C345,Euphonia laniirostris,Euphonia laniirostris,Euphonia laniirostris,Euphonia laniirostris,1,ZFMK,62.1196,M,0,NA,Peru,NA,12.5,NA,NA,NA,14,63,14,49,22.2,33.5,TT,0,NA,Euphonia laniirostris,Mainland
203,AVIBASE-F1D2C345,Euphonia laniirostris,Euphonia laniirostris,Euphonia laniirostris,Euphonia laniirostris,1,ZFMK,62.12,F,0,NA,Peru,NA,11.5,NA,NA,NA,13.7,60,14.5,45.5,24.2,32,TT,0,NA,Euphonia laniirostris,Mainland
204,AVIBASE-F1D2C345,Euphonia laniirostris,Euphonia laniirostris,Euphonia laniirostris,Euphonia laniirostris,1,ZFMK,62.1201,F,0,NA,Peru,NA,12.4,NA,NA,NA,13.7,58,13.5,44.5,23.3,31,TT,0,NA,Euphonia laniirostris,Mainland
205,AVIBASE-F1D2C345,Euphonia laniirostris,Euphonia laniirostris,Euphonia laniirostris,Euphonia laniirostris,1,CBF,173,M,0,NA,Bolivia,NA,NA,NA,NA,6,15.2,56,15,41,26.8,33,FAMC,0,NA,Euphonia laniirostris,Mainland
206,AVIBASE-F1D2C345,Euphonia laniirostris,Euphonia laniirostris,Euphonia laniirostris,Euphonia laniirostris,1,CBF,214,M,0,NA,Bolivia,NA,NA,NA,NA,6,15.3,59,13.2,45.8,22.4,43,FAMC,0,NA,Euphonia laniirostris,Mainland
207,AVIBASE-F1D2C345,Euphonia laniirostris,Euphonia laniirostris,Euphonia laniirostris,Euphonia laniirostris,1,CBF,1566,M,0,NA,Bolivia,NA,NA,NA,NA,6.9,16.8,67,16,51,23.9,42,FAMC,0,NA,Euphonia laniirostris,Mainland
208,AVIBASE-F1D2C345,Euphonia laniirostris,Euphonia laniirostris,Euphonia laniirostris,Euphonia laniirostris,1,FMNH,283734,F,0,NA,Peru,NA,NA,NA,NA,6.8,16.3,62,13.7,48.3,22.2,34,FAMC,0,NA,Euphonia laniirostris,Mainland
209,AVIBASE-F1D2C345,Euphonia laniirostris,Euphonia laniirostris,Euphonia laniirostris,Euphonia laniirostris,1,FMNH,287957,M,0,NA,Peru,NA,NA,NA,NA,6.3,16.5,61,15.8,45.2,25.9,37,FAMC,0,NA,Euphonia laniirostris,Mainland
210,AVIBASE-F1D2C345,Euphonia laniirostris,Euphonia laniirostris,Euphonia laniirostris,Euphonia laniirostris,1,FMNH,297995,F,0,NA,Peru,NA,NA,NA,NA,6.9,16.3,58,12.6,45.4,21.7,34,FAMC,0,NA,Euphonia laniirostris,Mainland
211,AVIBASE-F1D2C345,Euphonia laniirostris,Euphonia laniirostris,Euphonia laniirostris,Euphonia laniirostris,1,FMNH,316287,M,0,NA,Peru,NA,NA,NA,NA,6.1,16.6,61,14.4,46.6,23.6,38,FAMC,0,NA,Euphonia laniirostris,Mainland
212,AVIBASE-F1D2C345,Euphonia laniirostris,Euphonia laniirostris,Euphonia laniirostris,Euphonia laniirostris,1,NHMUK,1885.6.12.153,M,0,NA,Peru,NA,10.4,7.8,5.3,5.9,14.3,59,11.4,47.6,19.3,29,TB,1,NA,Euphonia laniirostris,Mainland
213,AVIBASE-F1D2C345,Euphonia laniirostris,Euphonia laniirostris,Euphonia laniirostris,Euphonia laniirostris,1,NHMUK,1885.6.4.228,F,0,NA,Peru,NA,11.4,7.5,5.9,5,14,56,9.6,46.4,17.1,31,TB,1,NA,Euphonia laniirostris,Mainland
214,AVIBASE-F1D2C345,Euphonia laniirostris,Euphonia laniirostris,Euphonia laniirostris,Euphonia laniirostris,1,NHMUK,1940.12.5.220,M,0,NA,Ecuador,NA,12.1,6.8,5,6.7,14.6,65,15,50,23.1,37,TB,1,NA,Euphonia laniirostris,Mainland
215,AVIBASE-F1D2C345,Euphonia laniirostris,Euphonia laniirostris,Euphonia laniirostris,Euphonia laniirostris,1,NHMUK,1940.12.5.921,F,0,NA,Ecuador,NA,12.1,6.4,5.3,6.3,14.6,58,10.5,47.5,18.1,29,TB,1,NA,Euphonia laniirostris,Mainland
216,AVIBASE-F1D2C345,Euphonia laniirostris,Euphonia laniirostris,Euphonia laniirostris,Euphonia laniirostris,2,Field2,NA,F,0,NA,Colombia,NA,10.2,NA,NA,NA,16.9,58,NA,NA,NA,NA,LJCS,0,Cardona-Salazar et al. 2020 https://esajournals.onlinelibrary.wiley.com/doi/full/10.1002/bes2.1690,Euphonia laniirostris,Mainland
217,AVIBASE-F1D2C345,Euphonia laniirostris,Euphonia laniirostris,Euphonia laniirostris,Euphonia laniirostris,2,Field2,NA,F,0,NA,Colombia,NA,10.6,NA,NA,NA,17.5,61,NA,NA,NA,NA,LJCS,0,Cardona-Salazar et al. 2020 https://esajournals.onlinelibrary.wiley.com/doi/full/10.1002/bes2.1690,Euphonia laniirostris,Mainland
218,AVIBASE-F1D2C345,Euphonia laniirostris,Euphonia laniirostris,Euphonia laniirostris,Euphonia laniirostris,2,Field2,NA,F,0,NA,Colombia,NA,11.7,NA,NA,NA,17.6,59,NA,NA,NA,NA,LJCS,0,Cardona-Salazar et al. 2020 https://esajournals.onlinelibrary.wiley.com/doi/full/10.1002/bes2.1690,Euphonia laniirostris,Mainland
219,AVIBASE-F1D2C345,Euphonia laniirostris,Euphonia laniirostris,Euphonia laniirostris,Euphonia laniirostris,2,Field2,NA,F,0,NA,Colombia,NA,8.9,NA,NA,NA,19.5,61,NA,NA,NA,NA,LJCS,0,Cardona-Salazar et al. 2020 https://esajournals.onlinelibrary.wiley.com/doi/full/10.1002/bes2.1690,Euphonia laniirostris,Mainland
220,AVIBASE-F1D2C345,Euphonia laniirostris,Euphonia laniirostris,Euphonia laniirostris,Euphonia laniirostris,2,Field2,NA,M,0,NA,Colombia,NA,8.4,NA,NA,NA,18.7,64,NA,NA,NA,NA,LJCS,0,Cardona-Salazar et al. 2020 https://esajournals.onlinelibrary.wiley.com/doi/full/10.1002/bes2.1690,Euphonia laniirostris,Mainland
221,AVIBASE-F1D2C345,Euphonia laniirostris,Euphonia laniirostris,Euphonia laniirostris,Euphonia laniirostris,2,Field2,NA,M,0,NA,Colombia,NA,11.5,NA,NA,NA,15.6,NA,NA,NA,NA,NA,LJCS,0,Cardona-Salazar et al. 2020 https://esajournals.onlinelibrary.wiley.com/doi/full/10.1002/bes2.1690,Euphonia laniirostris,Mainland
222,AVIBASE-F1D2C345,Euphonia laniirostris,Euphonia laniirostris,Euphonia laniirostris,Euphonia laniirostris,2,Field2,NA,F,0,NA,Colombia,NA,9.7,NA,NA,NA,18.6,65,NA,NA,NA,40,LJCS,0,Cardona-Salazar et al. 2020 https://esajournals.onlinelibrary.wiley.com/doi/full/10.1002/bes2.1690,Euphonia laniirostris,Mainland
223,AVIBASE-F1D2C345,Euphonia laniirostris,Euphonia laniirostris,Euphonia laniirostris,Euphonia laniirostris,2,Field2,NA,M,0,NA,Colombia,NA,10,NA,NA,NA,19,65,NA,NA,NA,40,LJCS,0,Cardona-Salazar et al. 2020 https://esajournals.onlinelibrary.wiley.com/doi/full/10.1002/bes2.1690,Euphonia laniirostris,Mainland
224,AVIBASE-F1D2C345,Euphonia laniirostris,Euphonia laniirostris,Euphonia laniirostris,Euphonia laniirostris,2,Field2,NA,M,1,NA,Colombia,NA,9.8,NA,NA,NA,19.3,62,NA,NA,NA,41,LJCS,0,Cardona-Salazar et al. 2020 https://esajournals.onlinelibrary.wiley.com/doi/full/10.1002/bes2.1690,Euphonia laniirostris,Mainland
225,AVIBASE-F1D2C345,Euphonia laniirostris,Euphonia laniirostris,Euphonia laniirostris,Euphonia laniirostris,2,Field2,NA,M,1,NA,Colombia,NA,8.5,NA,NA,NA,20,60,NA,NA,NA,35,LJCS,0,Cardona-Salazar et al. 2020 https://esajournals.onlinelibrary.wiley.com/doi/full/10.1002/bes2.1690,Euphonia laniirostris,Mainland
226,AVIBASE-F1D2C345,Euphonia laniirostris,Euphonia laniirostris,Euphonia laniirostris,Euphonia laniirostris,2,Field2,NA,F,0,NA,Colombia,NA,8.4,NA,NA,NA,20.5,60,NA,NA,NA,44,LJCS,0,Cardona-Salazar et al. 2020 https://esajournals.onlinelibrary.wiley.com/doi/full/10.1002/bes2.1690,Euphonia laniirostris,Mainland
227,AVIBASE-F1D2C345,Euphonia laniirostris,Euphonia laniirostris,Euphonia laniirostris,Euphonia laniirostris,2,Field2,NA,M,1,NA,Colombia,NA,10,NA,NA,NA,19,60,NA,NA,NA,42,LJCS,0,Cardona-Salazar et al. 2020 https://esajournals.onlinelibrary.wiley.com/doi/full/10.1002/bes2.1690,Euphonia laniirostris,Mainland
228,AVIBASE-F1D2C345,Euphonia laniirostris,Euphonia laniirostris,Euphonia laniirostris,Euphonia laniirostris,2,Field2,NA,M,1,NA,Colombia,NA,8.8,NA,NA,NA,18.2,62,NA,NA,NA,41,LJCS,0,Cardona-Salazar et al. 2020 https://esajournals.onlinelibrary.wiley.com/doi/full/10.1002/bes2.1690,Euphonia laniirostris,Mainland
229,AVIBASE-F1D2C345,Euphonia laniirostris,Euphonia laniirostris,Euphonia laniirostris,Euphonia laniirostris,2,Field2,NA,M,1,NA,Colombia,NA,10,NA,NA,NA,15.8,58,NA,NA,NA,40,LJCS,0,Cardona-Salazar et al. 2020 https://esajournals.onlinelibrary.wiley.com/doi/full/10.1002/bes2.1690,Euphonia laniirostris,Mainland
230,AVIBASE-F1D2C345,Euphonia laniirostris,Euphonia laniirostris,Euphonia laniirostris,Euphonia laniirostris,2,Field2,NA,U,1,NA,Colombia,NA,8.4,NA,NA,NA,18.4,60,NA,NA,NA,34,LJCS,0,Cardona-Salazar et al. 2020 https://esajournals.onlinelibrary.wiley.com/doi/full/10.1002/bes2.1690,Euphonia laniirostris,Mainland
231,AVIBASE-F1D2C345,Euphonia laniirostris,Euphonia laniirostris,Euphonia laniirostris,Euphonia laniirostris,2,Field2,NA,M,1,NA,Colombia,NA,9.4,NA,NA,NA,19,61,NA,NA,NA,44,LJCS,0,Cardona-Salazar et al. 2020 https://esajournals.onlinelibrary.wiley.com/doi/full/10.1002/bes2.1690,Euphonia laniirostris,Mainland
232,AVIBASE-F1D2C345,Euphonia laniirostris,Euphonia laniirostris,Euphonia laniirostris,Euphonia laniirostris,2,Field2,NA,M,0,NA,Colombia,NA,8.3,NA,NA,NA,19.2,62,NA,NA,NA,40,LJCS,0,Cardona-Salazar et al. 2020 https://esajournals.onlinelibrary.wiley.com/doi/full/10.1002/bes2.1690,Euphonia laniirostris,Mainland
233,AVIBASE-F1D2C345,Euphonia laniirostris,Euphonia laniirostris,Euphonia laniirostris,Euphonia laniirostris,2,Field2,NA,F,0,NA,Colombia,NA,8.6,NA,NA,NA,17.2,61,NA,NA,NA,39,LJCS,0,Cardona-Salazar et al. 2020 https://esajournals.onlinelibrary.wiley.com/doi/full/10.1002/bes2.1690,Euphonia laniirostris,Mainland
234,AVIBASE-F1D2C345,Euphonia laniirostris,Euphonia laniirostris,Euphonia laniirostris,Euphonia laniirostris,2,Field2,NA,F,0,NA,Colombia,NA,9.5,NA,NA,NA,19,57,NA,NA,NA,40,LJCS,0,Cardona-Salazar et al. 2020 https://esajournals.onlinelibrary.wiley.com/doi/full/10.1002/bes2.1690,Euphonia laniirostris,Mainland
235,AVIBASE-F1D2C345,Euphonia laniirostris,Euphonia laniirostris,Euphonia laniirostris,Euphonia laniirostris,2,Field2,NA,M,0,NA,Colombia,NA,7.3,NA,NA,NA,16.5,65,NA,NA,NA,48,LJCS,0,Cardona-Salazar et al. 2020 https://esajournals.onlinelibrary.wiley.com/doi/full/10.1002/bes2.1690,Euphonia laniirostris,Mainland
236,AVIBASE-F1D2C345,Euphonia laniirostris,Euphonia laniirostris,Euphonia laniirostris,Euphonia laniirostris,2,Field2,NA,F,0,NA,Colombia,NA,12,NA,NA,NA,16.2,62,NA,NA,NA,39,LJCS,0,Cardona-Salazar et al. 2020 https://esajournals.onlinelibrary.wiley.com/doi/full/10.1002/bes2.1690,Euphonia laniirostris,Mainland
237,AVIBASE-F1D2C345,Euphonia laniirostris,Euphonia laniirostris,Euphonia laniirostris,Euphonia laniirostris,2,Field2,NA,M,0,NA,Colombia,NA,12.8,NA,NA,NA,19.1,63,NA,NA,NA,42,LJCS,0,Cardona-Salazar et al. 2020 https://esajournals.onlinelibrary.wiley.com/doi/full/10.1002/bes2.1690,Euphonia laniirostris,Mainland
238,AVIBASE-F1D2C345,Euphonia laniirostris,Euphonia laniirostris,Euphonia laniirostris,Euphonia laniirostris,2,Field2,NA,F,0,NA,Colombia,NA,9.8,NA,NA,NA,18.1,62,NA,NA,NA,36,LJCS,0,Cardona-Salazar et al. 2020 https://esajournals.onlinelibrary.wiley.com/doi/full/10.1002/bes2.1690,Euphonia laniirostris,Mainland
239,AVIBASE-F1D2C345,Euphonia laniirostris,Euphonia laniirostris,Euphonia laniirostris,Euphonia laniirostris,2,Field2,NA,M,0,NA,Colombia,NA,8.4,NA,NA,NA,20.4,67,NA,NA,NA,41,LJCS,0,Cardona-Salazar et al. 2020 https://esajournals.onlinelibrary.wiley.com/doi/full/10.1002/bes2.1690,Euphonia laniirostris,Mainland
240,AVIBASE-F1D2C345,Euphonia laniirostris,Euphonia laniirostris,Euphonia laniirostris,Euphonia laniirostris,2,Field2,NA,F,0,NA,Colombia,NA,10.9,NA,NA,NA,18.7,60,NA,NA,NA,36,LJCS,0,Cardona-Salazar et al. 2020 https://esajournals.onlinelibrary.wiley.com/doi/full/10.1002/bes2.1690,Euphonia laniirostris,Mainland
241,AVIBASE-F1D2C345,Euphonia laniirostris,Euphonia laniirostris,Euphonia laniirostris,Euphonia laniirostris,2,Field2,NA,M,0,NA,Colombia,NA,8.7,NA,NA,NA,20.2,65,NA,NA,NA,40,LJCS,0,Cardona-Salazar et al. 2020 https://esajournals.onlinelibrary.wiley.com/doi/full/10.1002/bes2.1690,Euphonia laniirostris,Mainland
242,AVIBASE-F1D2C345,Euphonia laniirostris,Euphonia laniirostris,Euphonia laniirostris,Euphonia laniirostris,2,Field2,NA,F,0,NA,Colombia,NA,11.1,NA,NA,NA,15.5,62,NA,NA,NA,43,LJCS,0,Cardona-Salazar et al. 2020 https://esajournals.onlinelibrary.wiley.com/doi/full/10.1002/bes2.1690,Euphonia laniirostris,Mainland
243,AVIBASE-F1D2C345,Euphonia laniirostris,Euphonia laniirostris,Euphonia laniirostris,Euphonia laniirostris,2,Field2,NA,F,0,NA,Colombia,NA,8.5,NA,NA,NA,22,59,NA,NA,NA,34,LJCS,0,Cardona-Salazar et al. 2020 https://esajournals.onlinelibrary.wiley.com/doi/full/10.1002/bes2.1690,Euphonia laniirostris,Mainland
244,AVIBASE-F1D2C345,Euphonia laniirostris,Euphonia laniirostris,Euphonia laniirostris,Euphonia laniirostris,2,Field2,NA,U,0,NA,Colombia,NA,10.5,NA,NA,NA,15.7,60,NA,NA,NA,38,LJCS,0,Cardona-Salazar et al. 2020 https://esajournals.onlinelibrary.wiley.com/doi/full/10.1002/bes2.1690,Euphonia laniirostris,Mainland
245,AVIBASE-F1D2C345,Euphonia laniirostris,Euphonia laniirostris,Euphonia laniirostris,Euphonia laniirostris,2,Field2,NA,M,0,NA,Colombia,NA,12.2,NA,NA,NA,17.7,62,NA,NA,NA,46,LJCS,0,Cardona-Salazar et al. 2020 https://esajournals.onlinelibrary.wiley.com/doi/full/10.1002/bes2.1690,Euphonia laniirostris,Mainland
246,AVIBASE-F1D2C345,Euphonia laniirostris,Euphonia laniirostris,Euphonia laniirostris,Euphonia laniirostris,2,Field2,NA,M,0,NA,Colombia,NA,9.6,NA,NA,NA,16.8,57,NA,NA,NA,36,LJCS,0,Cardona-Salazar et al. 2020 https://esajournals.onlinelibrary.wiley.com/doi/full/10.1002/bes2.1690,Euphonia laniirostris,Mainland
247,AVIBASE-F1D2C345,Euphonia laniirostris,Euphonia laniirostris,Euphonia laniirostris,Euphonia laniirostris,2,Field2,NA,M,0,NA,Colombia,NA,10,NA,NA,NA,18.3,63,NA,NA,NA,40,LJCS,0,Cardona-Salazar et al. 2020 https://esajournals.onlinelibrary.wiley.com/doi/full/10.1002/bes2.1690,Euphonia laniirostris,Mainland
248,AVIBASE-F1D2C345,Euphonia laniirostris,Euphonia laniirostris,Euphonia laniirostris,Euphonia laniirostris,2,Field2,NA,F,1,NA,Colombia,NA,8.9,NA,NA,NA,15.3,57,NA,NA,NA,35,LJCS,0,Cardona-Salazar et al. 2020 https://esajournals.onlinelibrary.wiley.com/doi/full/10.1002/bes2.1690,Euphonia laniirostris,Mainland
249,AVIBASE-F1D2C345,Euphonia laniirostris,Euphonia laniirostris,Euphonia laniirostris,Euphonia laniirostris,2,Field2,NA,M,0,NA,Colombia,NA,8.7,NA,NA,NA,18,60,NA,NA,NA,35,LJCS,0,Cardona-Salazar et al. 2020 https://esajournals.onlinelibrary.wiley.com/doi/full/10.1002/bes2.1690,Euphonia laniirostris,Mainland
250,AVIBASE-F1D2C345,Euphonia laniirostris,Euphonia laniirostris,Euphonia laniirostris,Euphonia laniirostris,2,Field2,NA,M,1,NA,Colombia,NA,11.7,NA,NA,NA,15.9,60,NA,NA,NA,35,LJCS,0,Cardona-Salazar et al. 2020 https://esajournals.onlinelibrary.wiley.com/doi/full/10.1002/bes2.1690,Euphonia laniirostris,Mainland
251,AVIBASE-F1D2C345,Euphonia laniirostris,Euphonia laniirostris,Euphonia laniirostris,Euphonia laniirostris,2,Field2,NA,M,1,NA,Colombia,NA,11.6,NA,NA,NA,19,61,NA,NA,NA,37,LJCS,0,Cardona-Salazar et al. 2020 https://esajournals.onlinelibrary.wiley.com/doi/full/10.1002/bes2.1690,Euphonia laniirostris,Mainland
252,AVIBASE-F1D2C345,Euphonia laniirostris,Euphonia laniirostris,Euphonia laniirostris,Euphonia laniirostris,2,Field2,NA,M,0,NA,Colombia,NA,13,NA,NA,NA,16.6,61,NA,NA,NA,35,LJCS,0,Cardona-Salazar et al. 2020 https://esajournals.onlinelibrary.wiley.com/doi/full/10.1002/bes2.1690,Euphonia laniirostris,Mainland
253,AVIBASE-F1D2C345,Euphonia laniirostris,Euphonia laniirostris,Euphonia laniirostris,Euphonia laniirostris,2,Field2,NA,M,0,NA,Colombia,NA,8.7,NA,NA,NA,19.1,64,NA,NA,NA,38,LJCS,0,Cardona-Salazar et al. 2020 https://esajournals.onlinelibrary.wiley.com/doi/full/10.1002/bes2.1690,Euphonia laniirostris,Mainland
254,AVIBASE-F1D2C345,Euphonia laniirostris,Euphonia laniirostris,Euphonia laniirostris,Euphonia laniirostris,2,Field2,NA,M,0,NA,Colombia,NA,7.9,NA,NA,NA,15.6,61,NA,NA,NA,38,LJCS,0,Cardona-Salazar et al. 2020 https://esajournals.onlinelibrary.wiley.com/doi/full/10.1002/bes2.1690,Euphonia laniirostris,Mainland
255,AVIBASE-F1D2C345,Euphonia laniirostris,Euphonia laniirostris,Euphonia laniirostris,Euphonia laniirostris,2,Field2,NA,F,0,NA,Colombia,NA,11,NA,4.7,6.1,17.4,48,NA,NA,NA,43,LJCS,0,Cardona-Salazar et al. 2020 https://esajournals.onlinelibrary.wiley.com/doi/full/10.1002/bes2.1690,Euphonia laniirostris,Mainland
256,AVIBASE-F1D2C345,Euphonia laniirostris,Euphonia laniirostris,Euphonia laniirostris,Euphonia laniirostris,2,Field2,NA,M,1,NA,Colombia,NA,8.8,NA,6.4,5.2,19.9,63,NA,NA,NA,36,LJCS,0,Cardona-Salazar et al. 2020 https://esajournals.onlinelibrary.wiley.com/doi/full/10.1002/bes2.1690,Euphonia laniirostris,Mainland
257,AVIBASE-F1D2C345,Euphonia laniirostris,Euphonia laniirostris,Euphonia laniirostris,Euphonia laniirostris,2,Field2,NA,M,0,NA,Colombia,NA,9.4,NA,5.8,5.4,20.8,62,NA,NA,NA,39,LJCS,0,Cardona-Salazar et al. 2020 https://esajournals.onlinelibrary.wiley.com/doi/full/10.1002/bes2.1690,Euphonia laniirostris,Mainland
258,AVIBASE-F1D2C345,Euphonia laniirostris,Euphonia laniirostris,Euphonia laniirostris,Euphonia laniirostris,2,Field2,NA,M,0,NA,Colombia,NA,9,NA,5,5.5,19,66,NA,NA,NA,35,LJCS,0,Cardona-Salazar et al. 2020 https://esajournals.onlinelibrary.wiley.com/doi/full/10.1002/bes2.1690,Euphonia laniirostris,Mainland
259,AVIBASE-F1D2C345,Euphonia laniirostris,Euphonia laniirostris,Euphonia laniirostris,Euphonia laniirostris,2,Field2,NA,F,1,NA,Colombia,NA,9.7,NA,6.3,5.8,17.7,66,NA,NA,NA,34,LJCS,0,Cardona-Salazar et al. 2020 https://esajournals.onlinelibrary.wiley.com/doi/full/10.1002/bes2.1690,Euphonia laniirostris,Mainland
260,AVIBASE-F1D2C345,Euphonia laniirostris,Euphonia laniirostris,Euphonia laniirostris,Euphonia laniirostris,2,Field2,NA,U,1,NA,Colombia,NA,10.3,NA,5.6,6.1,17.7,62,NA,NA,NA,39,LJCS,0,Cardona-Salazar et al. 2020 https://esajournals.onlinelibrary.wiley.com/doi/full/10.1002/bes2.1690,Euphonia laniirostris,Mainland
261,AVIBASE-F1D2C345,Euphonia laniirostris,Euphonia laniirostris,Euphonia laniirostris,Euphonia laniirostris,2,Field2,NA,F,1,NA,Colombia,NA,11.7,NA,5.2,5.5,19.8,61,NA,NA,NA,31,LJCS,0,Cardona-Salazar et al. 2020 https://esajournals.onlinelibrary.wiley.com/doi/full/10.1002/bes2.1690,Euphonia laniirostris,Mainland
262,AVIBASE-F1D2C345,Euphonia laniirostris,Euphonia laniirostris,Euphonia laniirostris,Euphonia laniirostris,2,Field2,NA,U,1,NA,Colombia,NA,8.5,NA,5.7,5.2,20,60,NA,NA,NA,33,LJCS,0,Cardona-Salazar et al. 2020 https://esajournals.onlinelibrary.wiley.com/doi/full/10.1002/bes2.1690,Euphonia laniirostris,Mainland
263,AVIBASE-F1D2C345,Euphonia laniirostris,Euphonia laniirostris,Euphonia laniirostris,Euphonia laniirostris,2,Field2,NA,F,0,NA,Colombia,NA,12.1,NA,6.5,5.4,19.3,58,NA,NA,NA,36,LJCS,0,Cardona-Salazar et al. 2020 https://esajournals.onlinelibrary.wiley.com/doi/full/10.1002/bes2.1690,Euphonia laniirostris,Mainland
264,AVIBASE-F1D2C345,Euphonia laniirostris,Euphonia laniirostris,Euphonia laniirostris,Euphonia laniirostris,2,Field2,NA,F,1,NA,Colombia,NA,7.8,NA,4.5,5.8,24,62,NA,NA,NA,36,LJCS,0,Cardona-Salazar et al. 2020 https://esajournals.onlinelibrary.wiley.com/doi/full/10.1002/bes2.1690,Euphonia laniirostris,Mainland
265,AVIBASE-F1D2C345,Euphonia laniirostris,Euphonia laniirostris,Euphonia laniirostris,Euphonia laniirostris,2,Field2,NA,M,0,NA,Colombia,NA,10.9,NA,6.6,5.6,18.2,66,NA,NA,NA,40,LJCS,0,Cardona-Salazar et al. 2020 https://esajournals.onlinelibrary.wiley.com/doi/full/10.1002/bes2.1690,Euphonia laniirostris,Mainland
266,AVIBASE-F1D2C345,Euphonia laniirostris,Euphonia laniirostris,Euphonia laniirostris,Euphonia laniirostris,2,Field2,NA,M,0,NA,Colombia,NA,7.4,NA,3.5,5.4,19.2,64,NA,NA,NA,36,LJCS,0,Cardona-Salazar et al. 2020 https://esajournals.onlinelibrary.wiley.com/doi/full/10.1002/bes2.1690,Euphonia laniirostris,Mainland
267,AVIBASE-F1D2C345,Euphonia laniirostris,Euphonia laniirostris,Euphonia laniirostris,Euphonia laniirostris,2,Field2,NA,F,0,NA,Colombia,NA,10.4,NA,6.1,5.4,17,60,NA,NA,NA,38,LJCS,0,Cardona-Salazar et al. 2020 https://esajournals.onlinelibrary.wiley.com/doi/full/10.1002/bes2.1690,Euphonia laniirostris,Mainland
268,AVIBASE-F1D2C345,Euphonia laniirostris,Euphonia laniirostris,Euphonia laniirostris,Euphonia laniirostris,2,Field2,NA,M,1,NA,Colombia,NA,10.4,NA,6.4,5.6,17,64,NA,NA,NA,35,LJCS,0,Cardona-Salazar et al. 2020 https://esajournals.onlinelibrary.wiley.com/doi/full/10.1002/bes2.1690,Euphonia laniirostris,Mainland
269,AVIBASE-F1D2C345,Euphonia laniirostris,Euphonia laniirostris,Euphonia laniirostris,Euphonia laniirostris,2,Field2,NA,M,1,NA,Colombia,NA,7.7,NA,5.2,5.3,24.2,63,NA,NA,NA,31,LJCS,0,Cardona-Salazar et al. 2020 https://esajournals.onlinelibrary.wiley.com/doi/full/10.1002/bes2.1690,Euphonia laniirostris,Mainland
270,AVIBASE-F1D2C345,Euphonia laniirostris,Euphonia laniirostris,Euphonia laniirostris,Euphonia laniirostris,2,Field2,NA,M,1,NA,Colombia,NA,9.9,NA,6,5.6,15.5,65,NA,NA,NA,39,LJCS,0,Cardona-Salazar et al. 2020 https://esajournals.onlinelibrary.wiley.com/doi/full/10.1002/bes2.1690,Euphonia laniirostris,Mainland
271,AVIBASE-F1D2C345,Euphonia laniirostris,Euphonia laniirostris,Euphonia laniirostris,Euphonia laniirostris,2,Field2,NA,M,1,NA,Colombia,NA,10.6,NA,6.1,5.7,17.5,66,NA,NA,NA,39,LJCS,0,Cardona-Salazar et al. 2020 https://esajournals.onlinelibrary.wiley.com/doi/full/10.1002/bes2.1690,Euphonia laniirostris,Mainland
272,AVIBASE-F1D2C345,Euphonia laniirostris,Euphonia laniirostris,Euphonia laniirostris,Euphonia laniirostris,2,Field2,NA,M,1,NA,Colombia,NA,8.6,NA,5.9,5,19.2,59,NA,NA,NA,31,LJCS,0,Cardona-Salazar et al. 2020 https://esajournals.onlinelibrary.wiley.com/doi/full/10.1002/bes2.1690,Euphonia laniirostris,Mainland
273,AVIBASE-F1D2C345,Euphonia laniirostris,Euphonia laniirostris,Euphonia laniirostris,Euphonia laniirostris,2,Field2,NA,F,0,NA,Colombia,NA,10.9,NA,4.6,6.1,17.5,66,NA,NA,NA,41,LJCS,0,Cardona-Salazar et al. 2020 https://esajournals.onlinelibrary.wiley.com/doi/full/10.1002/bes2.1690,Euphonia laniirostris,Mainland
274,AVIBASE-F1D2C345,Euphonia laniirostris,Euphonia laniirostris,Euphonia laniirostris,Euphonia laniirostris,2,Field2,NA,M,0,NA,Colombia,NA,8.2,NA,5.1,6.3,16,65,NA,NA,NA,43,LJCS,0,Cardona-Salazar et al. 2020 https://esajournals.onlinelibrary.wiley.com/doi/full/10.1002/bes2.1690,Euphonia laniirostris,Mainland
275,AVIBASE-F1D2C345,Euphonia laniirostris,Euphonia laniirostris,Euphonia laniirostris,Euphonia laniirostris,2,Field2,NA,F,0,NA,Colombia,NA,10.7,NA,6.5,5.9,18.7,59,NA,NA,NA,38,LJCS,0,Cardona-Salazar et al. 2020 https://esajournals.onlinelibrary.wiley.com/doi/full/10.1002/bes2.1690,Euphonia laniirostris,Mainland
276,AVIBASE-F1D2C345,Euphonia laniirostris,Euphonia laniirostris,Euphonia laniirostris,Euphonia laniirostris,2,Field2,NA,M,0,NA,Colombia,NA,8.7,NA,6.2,5.5,15.5,60,NA,NA,NA,39,LJCS,0,Cardona-Salazar et al. 2020 https://esajournals.onlinelibrary.wiley.com/doi/full/10.1002/bes2.1690,Euphonia laniirostris,Mainland
277,AVIBASE-F1D2C345,Euphonia laniirostris,Euphonia laniirostris,Euphonia laniirostris,Euphonia laniirostris,2,Field2,NA,M,0,NA,Colombia,NA,9.6,NA,6.3,5.6,18.6,66,NA,NA,NA,41,LJCS,0,Cardona-Salazar et al. 2020 https://esajournals.onlinelibrary.wiley.com/doi/full/10.1002/bes2.1690,Euphonia laniirostris,Mainland
278,AVIBASE-F1D2C345,Euphonia laniirostris,Euphonia laniirostris,Euphonia laniirostris,Euphonia laniirostris,2,Field2,NA,F,0,NA,Colombia,NA,10.7,NA,6.2,6.2,18.3,60,NA,NA,NA,35,LJCS,0,Cardona-Salazar et al. 2020 https://esajournals.onlinelibrary.wiley.com/doi/full/10.1002/bes2.1690,Euphonia laniirostris,Mainland
279,AVIBASE-F1D2C345,Euphonia laniirostris,Euphonia laniirostris,Euphonia laniirostris,Euphonia laniirostris,1,UCR,NA,F,1,NA,Costa Rica,NA,NA,6.3,5.7,5.9,14.3,56,NA,NA,NA,32,AC,0,NA,Euphonia laniirostris,Mainland
280,AVIBASE-F1D2C345,Euphonia laniirostris,Euphonia laniirostris,Euphonia laniirostris,Euphonia laniirostris,1,UCR,NA,F,0,NA,Costa Rica,NA,NA,6.3,5.1,6,14.2,56.5,NA,NA,NA,31,AC,0,NA,Euphonia laniirostris,Mainland
281,AVIBASE-F1D2C345,Euphonia laniirostris,Euphonia laniirostris,Euphonia laniirostris,Euphonia laniirostris,1,UCR,NA,M,0,NA,Costa Rica,NA,NA,6,6.1,5.7,14.1,58,NA,NA,NA,34,AC,0,NA,Euphonia laniirostris,Mainland
282,AVIBASE-F1D2C345,Euphonia laniirostris,Euphonia laniirostris,Euphonia laniirostris,Euphonia laniirostris,1,MNCR,NA,U,1,NA,Costa Rica,NA,NA,5.8,6.1,5.1,15.1,60.5,NA,NA,NA,32,AC,0,NA,Euphonia laniirostris,Mainland
283,AVIBASE-F1D2C345,Euphonia laniirostris,Euphonia laniirostris,Euphonia laniirostris,Euphonia laniirostris,1,MNCR,NA,F,0,NA,Costa Rica,NA,NA,6.1,5.6,5.8,13.8,60.5,NA,NA,NA,34,AC,0,NA,Euphonia laniirostris,Mainland
284,AVIBASE-F1D2C345,Euphonia laniirostris,Euphonia laniirostris,Euphonia laniirostris,Euphonia laniirostris,1,MNCR,NA,M,0,NA,Costa Rica,NA,NA,6,5.8,6,14.4,61.5,NA,NA,NA,33,AC,0,NA,Euphonia laniirostris,Mainland
285,AVIBASE-F1D2C345,Euphonia laniirostris,Euphonia laniirostris,Euphonia laniirostris,Euphonia laniirostris,2,Field1,NA,U,0,NA,Panama,NA,8.1,5.6,3.6,4.1,14.1,54,14.6,39.4,27,32,HP,0,NA,Euphonia laniirostris,Mainland
286,AVIBASE-F1D2C345,Euphonia laniirostris,Euphonia laniirostris,Euphonia laniirostris,Euphonia laniirostris,2,Field1,NA,M,0,NA,Peru,NA,NA,6.8,5.1,5.8,14.9,61,17,44,27.9,31,CT,1,NA,Euphonia laniirostris,Mainland
287,AVIBASE-F1D2C345,Euphonia laniirostris,Euphonia laniirostris,Euphonia laniirostris,Euphonia laniirostris,1,STRI,STRIBC2753,F,0,NA,Panama,NA,11.2,6.6,5.8,4.9,15.3,58,13,45,22.4,35,RJM,1,NA,Euphonia laniirostris,Mainland
288,AVIBASE-F1D2C345,Euphonia laniirostris,Euphonia laniirostris,Euphonia laniirostris,Euphonia laniirostris,1,STRI,STRIBC3087,M,0,NA,Panama,NA,11.6,6.8,6.5,5.2,16,59,15.4,43.6,26.1,55,RJM,1,NA,Euphonia laniirostris,Mainland
289,AVIBASE-F1D2C345,Euphonia laniirostris,Euphonia laniirostris,Euphonia laniirostris,Euphonia laniirostris,1,STRI,STRIBC3177,M,0,NA,Panama,NA,12.6,6.7,5.8,5.7,16.5,62,16.3,45.7,26.3,37,RJM,1,NA,Euphonia laniirostris,Mainland
290,AVIBASE-F1D2C345,Euphonia laniirostris,Euphonia laniirostris,Euphonia laniirostris,Euphonia laniirostris,1,STRI,STRIBC4369,F,0,NA,Panama,NA,10.9,6.8,5.5,5.5,15.8,57,14,43,24.6,36,RJM,1,NA,Euphonia laniirostris,Mainland
291,AVIBASE-F1D2C345,Euphonia laniirostris,Euphonia laniirostris,Euphonia laniirostris,Euphonia laniirostris,1,NHMUK,1969.39.89,M,0,NA,NA,NA,9.6,NA,4.3,5.4,14.3,60,NA,NA,NA,33,GT,0,NA,Euphonia laniirostris,Mainland
292,AVIBASE-A243C1D2,Euphonia minuta,Euphonia minuta,Euphonia minuta,Euphonia minuta,1,ZFMK,62.1202,M,0,NA,Peru,NA,12.4,NA,NA,NA,11.7,53,18,35,34,28,TT,0,NA,Euphonia minuta,Mainland
293,AVIBASE-A243C1D2,Euphonia minuta,Euphonia minuta,Euphonia minuta,Euphonia minuta,1,ZFMK,62.1205,M,0,NA,Peru,NA,10.1,NA,NA,NA,11.8,53,11,42,20.8,27,TT,0,NA,Euphonia minuta,Mainland
294,AVIBASE-A243C1D2,Euphonia minuta,Euphonia minuta,Euphonia minuta,Euphonia minuta,1,ZFMK,62.1206,F,0,NA,Peru,NA,13.3,NA,NA,NA,11.5,51,12,39,23.5,26.5,TT,0,NA,Euphonia minuta,Mainland
295,AVIBASE-A243C1D2,Euphonia minuta,Euphonia minuta,Euphonia minuta,Euphonia minuta,1,ZFMK,62.1207,F,0,NA,Peru,NA,11,NA,NA,NA,11.9,51,13,38,25.5,27,TT,0,NA,Euphonia minuta,Mainland
296,AVIBASE-A243C1D2,Euphonia minuta,Euphonia minuta,Euphonia minuta,Euphonia minuta,1,MPEG,5370,F,0,NA,Brazil,NA,9.8,5.2,4.6,3.7,12.7,50,11.1,38.9,22.2,26,BDK,1,NA,Euphonia minuta,Mainland
297,AVIBASE-A243C1D2,Euphonia minuta,Euphonia minuta,Euphonia minuta,Euphonia minuta,1,MPEG,16418,F,0,NA,Brazil,NA,10.1,6,4,3.8,12.1,51,9.2,41.8,18,28,BDK,1,NA,Euphonia minuta,Mainland
298,AVIBASE-A243C1D2,Euphonia minuta,Euphonia minuta,Euphonia minuta,Euphonia minuta,1,MPEG,18979,M,0,NA,Brazil,NA,9.4,5.7,3.9,3.4,13.2,50,9.5,40.5,19,28,BDK,1,NA,Euphonia minuta,Mainland
299,AVIBASE-A243C1D2,Euphonia minuta,Euphonia minuta,Euphonia minuta,Euphonia minuta,1,MPEG,37315,M,0,NA,Brazil,NA,9.7,6,4.3,3.5,13,51,10.3,40.7,20.2,28,BDK,1,NA,Euphonia minuta,Mainland
300,AVIBASE-A243C1D2,Euphonia minuta,Euphonia minuta,Euphonia minuta,Euphonia minuta,1,NHMUK,98.12.14.275,M,0,NA,NA,NA,9.6,NA,3.5,3.7,13.6,53,NA,NA,NA,31,GT,0,NA,Euphonia minuta,Mainland
301,AVIBASE-1BF6597F,Euphonia musica,Chlorophonia musica,Chlorophonia musica musica,Euphonia musica,1,NHMUK,50.11.13.41,F,0,NA,Dominican Republic,NA,10.2,5,4.6,4.1,14,61,18,43,29.5,37,PW,1,NA,Chlorophonia musica,Greater Antilles
302,AVIBASE-1BF6597F,Euphonia musica,Chlorophonia musica,Chlorophonia musica musica,Euphonia musica,1,NHMUK,50.11.13.43,F,0,NA,Dominican Republic,NA,10.5,5.4,4.7,4.2,14.9,63,18,45,28.6,35,PW,1,NA,Chlorophonia musica,Greater Antilles
303,AVIBASE-1BF6597F,Euphonia musica,Chlorophonia musica,Chlorophonia musica musica,Euphonia musica,1,NHMUK,85.6.12.30,M,0,NA,Dominican Republic,NA,9.8,5,4.4,4.5,14.2,65,21,44,32.3,37,PW,1,NA,Chlorophonia musica,Greater Antilles
304,AVIBASE-1BF6597F,Euphonia musica,Chlorophonia musica,Chlorophonia musica musica,Euphonia musica,1,NHMUK,85.6.4.57,M,0,NA,Dominican Republic,NA,9.7,5.2,4.1,4.3,15.1,68,20,48,29.4,36,PW,1,NA,Chlorophonia musica,Greater Antilles
305,AVIBASE-1BF6597F,Euphonia musica,Chlorophonia musica,Chlorophonia musica musica,Euphonia musica,1,ZFMK,1953-381,F,0,NA,NA,NA,8.4,NA,NA,NA,13.7,63,20,43,31.7,35,LN,0,NA,Chlorophonia musica,Greater Antilles
306,AVIBASE-128745BF,Euphonia pectoralis,Euphonia pectoralis,Euphonia pectoralis,Euphonia pectoralis,1,UFPE,830,M,0,NA,Brazil,NA,10.8,NA,NA,5.4,15.3,62.6,NA,NA,NA,33.9,VL,0,NA,Euphonia pectoralis,Mainland
307,AVIBASE-128745BF,Euphonia pectoralis,Euphonia pectoralis,Euphonia pectoralis,Euphonia pectoralis,1,UFPE,1042,M,0,NA,Brazil,NA,10,NA,NA,5.4,15.4,60.2,NA,NA,NA,34.5,VL,0,NA,Euphonia pectoralis,Mainland
308,AVIBASE-128745BF,Euphonia pectoralis,Euphonia pectoralis,Euphonia pectoralis,Euphonia pectoralis,1,UFPE,3231,M,0,NA,Brazil,NA,10.5,NA,NA,5.5,15.8,60.8,NA,NA,NA,31.9,VL,0,NA,Euphonia pectoralis,Mainland
309,AVIBASE-128745BF,Euphonia pectoralis,Euphonia pectoralis,Euphonia pectoralis,Euphonia pectoralis,1,UFPE,3253,F,0,NA,Brazil,NA,8.8,NA,NA,5.4,14.8,58.8,NA,NA,NA,33,VL,0,NA,Euphonia pectoralis,Mainland
310,AVIBASE-128745BF,Euphonia pectoralis,Euphonia pectoralis,Euphonia pectoralis,Euphonia pectoralis,1,UFPE,3254,M,0,NA,Brazil,NA,10.3,NA,NA,5.6,15.5,57.2,NA,NA,NA,34.5,VL,0,NA,Euphonia pectoralis,Mainland
311,AVIBASE-128745BF,Euphonia pectoralis,Euphonia pectoralis,Euphonia pectoralis,Euphonia pectoralis,1,NHMUK,1837.3.15.144,F,0,NA,Brazil,NA,11.3,8.2,5.1,4.8,16.7,61,11.2,49.8,18.4,34,TB,1,NA,Euphonia pectoralis,Mainland
312,AVIBASE-128745BF,Euphonia pectoralis,Euphonia pectoralis,Euphonia pectoralis,Euphonia pectoralis,1,NHMUK,1895.4.1.193,F,0,NA,Brazil,NA,12.1,7.3,4.4,5.5,16.5,63,15.7,47.3,24.9,34,TB,1,NA,Euphonia pectoralis,Mainland
313,AVIBASE-128745BF,Euphonia pectoralis,Euphonia pectoralis,Euphonia pectoralis,Euphonia pectoralis,1,NHMUK,1905.10.12.710,M,0,NA,Paraguay,NA,11.8,7.1,4.5,4.8,17.7,63,14.7,48.3,23.3,36,TB,1,NA,Euphonia pectoralis,Mainland
314,AVIBASE-128745BF,Euphonia pectoralis,Euphonia pectoralis,Euphonia pectoralis,Euphonia pectoralis,1,NHMUK,1905.10.12.711,M,0,NA,Paraguay,NA,12.5,7.8,4.6,5.1,15.8,63,13,50,20.6,33,TB,1,NA,Euphonia pectoralis,Mainland
315,AVIBASE-C49D0B95,Euphonia rufiventris,Euphonia rufiventris,Euphonia rufiventris,Euphonia rufiventris,1,ZFMK,62.121,M,0,NA,Peru,NA,14,NA,NA,NA,14.9,60,14.5,45.5,24.2,35,TT,0,NA,Euphonia rufiventris,Mainland
316,AVIBASE-C49D0B95,Euphonia rufiventris,Euphonia rufiventris,Euphonia rufiventris,Euphonia rufiventris,1,ZFMK,62.1214,M,0,NA,Peru,NA,12.7,NA,NA,NA,14.4,58.5,12,46.5,20.5,33,TT,0,NA,Euphonia rufiventris,Mainland
317,AVIBASE-C49D0B95,Euphonia rufiventris,Euphonia rufiventris,Euphonia rufiventris,Euphonia rufiventris,1,ZFMK,62.1218,F,0,NA,Peru,NA,13,NA,NA,NA,15.1,60,12,48,20,30,TT,0,NA,Euphonia rufiventris,Mainland
318,AVIBASE-C49D0B95,Euphonia rufiventris,Euphonia rufiventris,Euphonia rufiventris,Euphonia rufiventris,1,MPEG,35303,M,0,NA,Brazil,NA,11.4,6.8,4.9,5.1,16.4,58,NA,NA,NA,33,BDK,1,NA,Euphonia rufiventris,Mainland
319,AVIBASE-C49D0B95,Euphonia rufiventris,Euphonia rufiventris,Euphonia rufiventris,Euphonia rufiventris,1,MPEG,57458,M,0,NA,Brazil,NA,11.9,6.5,4.8,5,16.3,60,10.8,49.2,18,35,BDK,1,NA,Euphonia rufiventris,Mainland
320,AVIBASE-C49D0B95,Euphonia rufiventris,Euphonia rufiventris,Euphonia rufiventris,Euphonia rufiventris,1,MPEG,57459,F,0,NA,Brazil,NA,11.8,6.8,4.3,5.3,15.1,60,12.7,47.3,21.2,36,BDK,1,NA,Euphonia rufiventris,Mainland
321,AVIBASE-C49D0B95,Euphonia rufiventris,Euphonia rufiventris,Euphonia rufiventris,Euphonia rufiventris,1,MPEG,58578,F,0,NA,Brazil,NA,12.2,7.6,5.2,5.3,15.8,59,11,48,18.6,33,BDK,1,NA,Euphonia rufiventris,Mainland
322,AVIBASE-C49D0B95,Euphonia rufiventris,Euphonia rufiventris,Euphonia rufiventris,Euphonia rufiventris,1,NHMUK,57.11.28.14,F,0,NA,Peru,NA,11.1,7,5,4.3,15.9,59,11.2,47.8,19,35,DS,1,NA,Euphonia rufiventris,Mainland
323,AVIBASE-C49D0B95,Euphonia rufiventris,Euphonia rufiventris,Euphonia rufiventris,Euphonia rufiventris,1,NHMUK,85.6.12.159,F,0,NA,Peru,NA,11.6,6.4,4,4.9,15.5,56,13,43,23.2,34,DS,1,NA,Euphonia rufiventris,Mainland
324,AVIBASE-C49D0B95,Euphonia rufiventris,Euphonia rufiventris,Euphonia rufiventris,Euphonia rufiventris,1,NHMUK,85.6.4.230,M,0,NA,Brazil,NA,12.8,7.4,4.7,5,16.5,56,11.5,44.5,20.5,36,DS,1,NA,Euphonia rufiventris,Mainland
325,AVIBASE-C49D0B95,Euphonia rufiventris,Euphonia rufiventris,Euphonia rufiventris,Euphonia rufiventris,1,NHMUK,85.6.4.235,M,0,NA,Peru,NA,11.4,6.7,4.1,4.1,16.2,57,12.7,44.3,22.3,34,DS,1,NA,Euphonia rufiventris,Mainland
326,AVIBASE-C49D0B95,Euphonia rufiventris,Euphonia rufiventris,Euphonia rufiventris,Euphonia rufiventris,1,NHMUK,85.6.4.234,M,0,NA,NA,NA,10.1,NA,5,5.2,14.3,58,NA,NA,NA,35,GT,0,NA,Euphonia rufiventris,Mainland
327,AVIBASE-692B43A6,Euphonia saturata,Euphonia saturata,Euphonia saturata,Euphonia saturata,1,MHN-UCa,26755,F,0,NA,Colombia,NA,11.4,NA,NA,NA,NA,61,NA,NA,NA,NA,LJCS,0,Cardona-Salazar et al. 2020 https://esajournals.onlinelibrary.wiley.com/doi/full/10.1002/bes2.1690,Euphonia saturata,Mainland
328,AVIBASE-692B43A6,Euphonia saturata,Euphonia saturata,Euphonia saturata,Euphonia saturata,1,NHMUK,1911.5.29.130,F,0,NA,Colombia,NA,10,5.6,3.8,3.8,13,56,14.7,41.3,26.3,29.5,HM,1,NA,Euphonia saturata,Mainland
329,AVIBASE-692B43A6,Euphonia saturata,Euphonia saturata,Euphonia saturata,Euphonia saturata,1,NHMUK,1911.5.29.145,M,0,NA,Colombia,NA,10.3,5.5,3.9,3.7,12.8,57,13.1,43.9,23,32,HM,1,NA,Euphonia saturata,Mainland
330,AVIBASE-692B43A6,Euphonia saturata,Euphonia saturata,Euphonia saturata,Euphonia saturata,1,NHMUK,1911.5.29.152,F,0,NA,Colombia,NA,9.4,5.5,4.1,3.7,13,58,10.3,47.7,17.8,33,HM,1,NA,Euphonia saturata,Mainland
331,AVIBASE-692B43A6,Euphonia saturata,Euphonia saturata,Euphonia saturata,Euphonia saturata,1,NHMUK,1925.12.24.326,M,0,NA,Ecuador,NA,10.5,5.5,4,3.4,13.8,55,12,43,21.8,31,HM,1,NA,Euphonia saturata,Mainland
332,AVIBASE-692B43A6,Euphonia saturata,Euphonia saturata,Euphonia saturata,Euphonia saturata,1,NHMUK,1911.5.29.153,M,0,NA,NA,NA,8.5,NA,3.9,3.6,12.4,59,NA,NA,NA,36,GT,0,NA,Euphonia saturata,Mainland
333,AVIBASE-DF48C724,Euphonia sclateri,Chlorophonia musica,Chlorophonia musica sclateri,Euphonia musica,NA,NA,NA,NA,NA,NA,NA,NA,NA,NA,NA,NA,NA,NA,NA,NA,NA,NA,GAPSPECIES,NA,NA,Chlorophonia sclateri,Greater Antilles
334,AVIBASE-1DF34F2F,Euphonia trinitatis,Euphonia trinitatis,Euphonia trinitatis,Euphonia trinitatis,1,NHMUK,1885.6.4.104,F,0,NA,Trinidad and Tobago,NA,10.1,5.3,4.3,4.1,13.8,52,10.6,41.4,20.4,30,HM,1,NA,Euphonia trinitatis,Continental island
335,AVIBASE-1DF34F2F,Euphonia trinitatis,Euphonia trinitatis,Euphonia trinitatis,Euphonia trinitatis,1,NHMUK,1885.6.4.105,M,0,NA,Venezuela,NA,10.8,5.4,3.8,3.7,14,56.5,14.6,41.9,25.8,35,HM,1,NA,Euphonia trinitatis,Mainland
336,AVIBASE-1DF34F2F,Euphonia trinitatis,Euphonia trinitatis,Euphonia trinitatis,Euphonia trinitatis,1,NHMUK,1924.10.31.102,M,0,NA,Trinidad and Tobago,NA,9.8,5,3.5,3.6,13.2,56,13.2,42.8,23.6,36,HM,1,NA,Euphonia trinitatis,Continental island
337,AVIBASE-1DF34F2F,Euphonia trinitatis,Euphonia trinitatis,Euphonia trinitatis,Euphonia trinitatis,1,NHMUK,58.1.11.42,F,0,NA,Trinidad and Tobago,NA,10.8,5.8,3.9,3.7,14.3,54,15.2,38.8,28.1,29,PW,1,NA,Euphonia trinitatis,Continental island
338,AVIBASE-1DF34F2F,Euphonia trinitatis,Euphonia trinitatis,Euphonia trinitatis,Euphonia trinitatis,1,NHMUK,60.11.8.36,F,0,NA,Venezuela,NA,9.7,5.7,3.9,4,14.4,58,13.1,44.9,22.6,35,PW,1,NA,Euphonia trinitatis,Mainland
339,AVIBASE-1DF34F2F,Euphonia trinitatis,Euphonia trinitatis,Euphonia trinitatis,Euphonia trinitatis,1,NHMUK,85.6.12.68,F,0,NA,Trinidad and Tobago,NA,9.1,5.9,4.8,4,13.5,53,14.6,38.4,27.5,29,PW,1,NA,Euphonia trinitatis,Continental island
340,AVIBASE-1DF34F2F,Euphonia trinitatis,Euphonia trinitatis,Euphonia trinitatis,Euphonia trinitatis,1,NHMUK,85.6.12.69,F,0,NA,Trinidad and Tobago,NA,10.2,4.9,4.1,3.8,14.2,54,14,40,25.9,30,PW,1,NA,Euphonia trinitatis,Continental island
341,AVIBASE-1DF34F2F,Euphonia trinitatis,Euphonia trinitatis,Euphonia trinitatis,Euphonia trinitatis,1,NHMUK,85.6.12.72,F,0,NA,Colombia,NA,9.7,5.2,4,4,14.1,54,10.3,43.7,19.1,29,PW,1,NA,Euphonia trinitatis,Mainland
342,AVIBASE-1DF34F2F,Euphonia trinitatis,Euphonia trinitatis,Euphonia trinitatis,Euphonia trinitatis,1,NHMUK,85.6.12.73,F,0,NA,Colombia,NA,10.4,5.7,4.8,3.9,13.3,55,12.8,42.2,23.3,31,PW,1,NA,Euphonia trinitatis,Mainland
343,AVIBASE-1DF34F2F,Euphonia trinitatis,Euphonia trinitatis,Euphonia trinitatis,Euphonia trinitatis,1,NHMUK,1860.11.8.48,F,0,NA,NA,NA,9.9,5.2,3.5,3.8,14,54,11.5,42.5,21.3,32,HM,1,NA,Euphonia trinitatis,Mainland
344,AVIBASE-1DF34F2F,Euphonia trinitatis,Euphonia trinitatis,Euphonia trinitatis,Euphonia trinitatis,1,NHMUK,1912.7.6.41,M,0,NA,NA,NA,8.9,NA,3.8,3.9,13.4,52,NA,NA,NA,35,GT,0,NA,Euphonia trinitatis,Mainland
345,AVIBASE-94AF0857,Euphonia violacea,Euphonia violacea,Euphonia violacea,Euphonia violacea,1,UFPE,48,F,0,NA,Brazil,NA,9.3,NA,NA,5.4,14.2,59.2,17.4,41.8,29.4,35.2,VL,0,NA,Euphonia violacea,Mainland
346,AVIBASE-94AF0857,Euphonia violacea,Euphonia violacea,Euphonia violacea,Euphonia violacea,1,UFPE,53,F,0,NA,Brazil,NA,9.4,NA,NA,5.4,12.2,58.4,15.9,42.5,27.2,34.6,VL,0,NA,Euphonia violacea,Mainland
347,AVIBASE-94AF0857,Euphonia violacea,Euphonia violacea,Euphonia violacea,Euphonia violacea,1,UFPE,56,M,0,NA,Brazil,NA,10.1,NA,NA,5,12.7,54.7,18.7,36,34.1,32.7,VL,0,NA,Euphonia violacea,Mainland
348,AVIBASE-94AF0857,Euphonia violacea,Euphonia violacea,Euphonia violacea,Euphonia violacea,1,UFPE,342,M,0,NA,Brazil,NA,9.2,NA,NA,5.5,12.5,56.8,14.5,42.3,25.5,33.9,VL,0,NA,Euphonia violacea,Mainland
349,AVIBASE-94AF0857,Euphonia violacea,Euphonia violacea,Euphonia violacea,Euphonia violacea,1,UFPE,475,M,0,NA,Brazil,NA,9.1,NA,NA,5.1,13.1,58.1,19.8,38.3,34.1,33.8,VL,0,NA,Euphonia violacea,Mainland
350,AVIBASE-94AF0857,Euphonia violacea,Euphonia violacea,Euphonia violacea,Euphonia violacea,1,UFPE,476,F,0,NA,Brazil,NA,9.6,NA,NA,5.3,13.9,58,16.3,41.7,28.1,36.3,VL,0,NA,Euphonia violacea,Mainland
351,AVIBASE-94AF0857,Euphonia violacea,Euphonia violacea,Euphonia violacea,Euphonia violacea,1,UFPE,733,M,0,NA,Brazil,NA,9.8,NA,NA,5.7,13.7,58.6,15.9,42.7,27.1,34.1,VL,0,NA,Euphonia violacea,Mainland
352,AVIBASE-94AF0857,Euphonia violacea,Euphonia violacea,Euphonia violacea,Euphonia violacea,1,UFPE,1085,F,0,NA,Brazil,NA,10.2,NA,NA,5,13.9,60.1,16.8,43.2,28,NA,VL,0,NA,Euphonia violacea,Mainland
353,AVIBASE-94AF0857,Euphonia violacea,Euphonia violacea,Euphonia violacea,Euphonia violacea,1,UFPE,1441,F,0,NA,Brazil,NA,10,NA,NA,5.3,14,56.2,14.4,41.8,25.6,32.7,VL,0,NA,Euphonia violacea,Mainland
354,AVIBASE-94AF0857,Euphonia violacea,Euphonia violacea,Euphonia violacea,Euphonia violacea,1,UFPE,1673,M,0,NA,Brazil,NA,9.2,NA,NA,5.1,11.9,59.8,16.5,43.4,27.5,37,VL,0,NA,Euphonia violacea,Mainland
355,AVIBASE-94AF0857,Euphonia violacea,Euphonia violacea,Euphonia violacea,Euphonia violacea,1,UFPE,1821,M,0,NA,Brazil,NA,9.1,NA,NA,5.1,13.9,60.9,15.9,45.1,26,36.6,VL,0,NA,Euphonia violacea,Mainland
356,AVIBASE-94AF0857,Euphonia violacea,Euphonia violacea,Euphonia violacea,Euphonia violacea,1,UFPE,1822,F,0,NA,Brazil,NA,10,NA,NA,5.2,14.7,57.8,16.8,41,29,33.9,VL,0,NA,Euphonia violacea,Mainland
357,AVIBASE-94AF0857,Euphonia violacea,Euphonia violacea,Euphonia violacea,Euphonia violacea,1,UFPE,2498,F,0,NA,Brazil,NA,9.7,NA,NA,5.1,13.1,59,16.9,42.2,28.6,NA,VL,0,NA,Euphonia violacea,Mainland
358,AVIBASE-94AF0857,Euphonia violacea,Euphonia violacea,Euphonia violacea,Euphonia violacea,1,UFPE,2510,M,0,NA,Brazil,NA,10.1,NA,NA,5.2,14.5,59.3,17.9,41.4,30.2,36,VL,0,NA,Euphonia violacea,Mainland
359,AVIBASE-94AF0857,Euphonia violacea,Euphonia violacea,Euphonia violacea,Euphonia violacea,1,UFPE,2511,M,0,NA,Brazil,NA,9.8,NA,NA,5.3,13.7,57.5,19.9,37.6,34.6,33,VL,0,NA,Euphonia violacea,Mainland
360,AVIBASE-94AF0857,Euphonia violacea,Euphonia violacea,Euphonia violacea,Euphonia violacea,1,UFPE,2512,M,0,NA,Brazil,NA,9,NA,NA,5.2,13.9,58.3,14.8,43.5,25.3,39.7,VL,0,NA,Euphonia violacea,Mainland
361,AVIBASE-94AF0857,Euphonia violacea,Euphonia violacea,Euphonia violacea,Euphonia violacea,1,UFPE,2519,F,0,NA,Brazil,NA,9.8,NA,NA,5.3,14.1,58.4,17.9,40.5,30.7,34.4,VL,0,NA,Euphonia violacea,Mainland
362,AVIBASE-94AF0857,Euphonia violacea,Euphonia violacea,Euphonia violacea,Euphonia violacea,1,UFPE,2525,M,0,NA,Brazil,NA,10.1,NA,NA,5.2,14.2,57.5,17.7,39.8,30.8,34.8,VL,0,NA,Euphonia violacea,Mainland
363,AVIBASE-94AF0857,Euphonia violacea,Euphonia violacea,Euphonia violacea,Euphonia violacea,1,UFPE,2532,F,0,NA,Brazil,NA,9.7,NA,NA,5.4,13.8,57.5,17.2,40.3,29.9,34.4,VL,0,NA,Euphonia violacea,Mainland
364,AVIBASE-94AF0857,Euphonia violacea,Euphonia violacea,Euphonia violacea,Euphonia violacea,1,UFPE,2533,F,0,NA,Brazil,NA,10.4,NA,NA,5.8,13.1,55.7,19.4,36.3,34.8,34.7,VL,0,NA,Euphonia violacea,Mainland
365,AVIBASE-94AF0857,Euphonia violacea,Euphonia violacea,Euphonia violacea,Euphonia violacea,1,UFPE,2545,M,0,NA,Brazil,NA,9.9,NA,NA,5.9,13.2,58,14.9,43.1,25.7,32.8,VL,0,NA,Euphonia violacea,Mainland
366,AVIBASE-94AF0857,Euphonia violacea,Euphonia violacea,Euphonia violacea,Euphonia violacea,1,UFPE,2691,F,0,NA,Brazil,NA,9.6,NA,NA,5,12.7,55.1,17.7,37.4,32.2,32.7,VL,0,NA,Euphonia violacea,Mainland
367,AVIBASE-94AF0857,Euphonia violacea,Euphonia violacea,Euphonia violacea,Euphonia violacea,1,UFPE,3287,U,0,NA,Brazil,NA,NA,NA,NA,5.2,NA,NA,20.4,NA,NA,NA,VL,0,NA,Euphonia violacea,Mainland
368,AVIBASE-94AF0857,Euphonia violacea,Euphonia violacea,Euphonia violacea,Euphonia violacea,1,UFPE,3364,M,0,NA,Brazil,NA,NA,NA,NA,4.1,15.2,58.6,10.8,47.7,18.5,NA,VL,0,NA,Euphonia violacea,Mainland
369,AVIBASE-94AF0857,Euphonia violacea,Euphonia violacea,Euphonia violacea,Euphonia violacea,1,UFPE,3365,F,0,NA,Brazil,NA,9.2,NA,NA,5.6,12.5,53,17.9,35.1,33.7,33.3,VL,0,NA,Euphonia violacea,Mainland
370,AVIBASE-94AF0857,Euphonia violacea,Euphonia violacea,Euphonia violacea,Euphonia violacea,1,UFPE,3990,M,0,NA,Brazil,NA,9.7,NA,NA,5.6,13.4,59.9,14,45.9,23.4,33.9,VL,0,NA,Euphonia violacea,Mainland
371,AVIBASE-94AF0857,Euphonia violacea,Euphonia violacea,Euphonia violacea,Euphonia violacea,1,UFPE,4298,F,0,NA,Brazil,NA,9.1,NA,NA,5.1,12.7,57.7,15.9,41.7,27.6,31.9,VL,0,NA,Euphonia violacea,Mainland
372,AVIBASE-94AF0857,Euphonia violacea,Euphonia violacea,Euphonia violacea,Euphonia violacea,1,MPEG,17122,M,0,NA,Brazil,NA,10.2,6.4,4.7,5,14.4,55,NA,NA,NA,27,BDK,1,NA,Euphonia violacea,Mainland
373,AVIBASE-94AF0857,Euphonia violacea,Euphonia violacea,Euphonia violacea,Euphonia violacea,1,MPEG,26311,F,0,NA,Brazil,NA,11,6.4,5.1,5,14.9,55,NA,NA,NA,27,BDK,1,NA,Euphonia violacea,Mainland
374,AVIBASE-94AF0857,Euphonia violacea,Euphonia violacea,Euphonia violacea,Euphonia violacea,1,MPEG,26314,M,0,NA,Brazil,NA,11.1,6.4,4.7,5.2,13.8,55,NA,NA,NA,28,BDK,1,NA,Euphonia violacea,Mainland
375,AVIBASE-94AF0857,Euphonia violacea,Euphonia violacea,Euphonia violacea,Euphonia violacea,1,MPEG,32337,F,0,NA,Brazil,NA,11.7,6.7,5,4.8,14.5,52,NA,NA,NA,28,BDK,1,NA,Euphonia violacea,Mainland
376,AVIBASE-94AF0857,Euphonia violacea,Euphonia violacea,Euphonia violacea,Euphonia violacea,1,NHMUK,1903.3.24.4,F,0,NA,Paraguay,NA,11.3,6.4,4.9,5,14.9,61,14.2,46.8,23.3,37,DS,1,NA,Euphonia violacea,Mainland
377,AVIBASE-94AF0857,Euphonia violacea,Euphonia violacea,Euphonia violacea,Euphonia violacea,1,NHMUK,1905.10.12.703,M,0,NA,Paraguay,NA,10.7,6.9,4.8,5.2,15,66,14.7,51.3,22.3,36,DS,1,NA,Euphonia violacea,Mainland
378,AVIBASE-94AF0857,Euphonia violacea,Euphonia violacea,Euphonia violacea,Euphonia violacea,1,ZFMK,1956-1024,M,0,NA,Suriname,NA,10.5,NA,NA,NA,14.7,56.5,13,43.5,23,30,DH,0,NA,Euphonia violacea,Mainland
379,AVIBASE-94AF0857,Euphonia violacea,Euphonia violacea,Euphonia violacea,Euphonia violacea,1,ZFMK,1956-1029,F,0,NA,Suriname,NA,9.9,NA,NA,NA,15.4,57,13,44,22.8,29,DH,0,NA,Euphonia violacea,Mainland
380,AVIBASE-94AF0857,Euphonia violacea,Euphonia violacea,Euphonia violacea,Euphonia violacea,1,ZFMK,1960-1255,M,0,NA,Suriname,NA,10.4,NA,NA,NA,14.9,55.5,13,42.5,23.4,28,DH,0,NA,Euphonia violacea,Mainland
381,AVIBASE-94AF0857,Euphonia violacea,Euphonia violacea,Euphonia violacea,Euphonia violacea,1,NHMUK,95.4.1.197,M,0,NA,Brazil,NA,10.3,6.1,4.2,4.1,14.4,63,15.7,47.3,24.9,34,DS,1,NA,Euphonia violacea,Mainland
382,AVIBASE-94AF0857,Euphonia violacea,Euphonia violacea,Euphonia violacea,Euphonia violacea,1,NHMUK,95.4.1.201,F,0,NA,Brazil,NA,11.1,7.1,4.5,4.6,14.7,59,14.1,44.9,23.9,35,DS,1,NA,Euphonia violacea,Mainland
383,AVIBASE-94AF0857,Euphonia violacea,Euphonia violacea,Euphonia violacea,Euphonia violacea,1,NHMUK,1912.7.6.40,M,0,NA,NA,NA,11.6,NA,5,5.3,15.4,61,NA,NA,NA,31,GT,0,NA,Euphonia violacea,Mainland