Meta-archipelago,Archipelago_group,Site,Area,DistanceM,Genus,Species,Subspecies,Specimen ID,Date,Data,Country,Locality,Elevation,Other Info,Sex,Mass,Wing.Length,Secondary.Length,Kipps_D,HWI,Tarsus.Length,Tail.Length,Beak.Width,Beak.Depth,Beak.Length_Culmen,Measurer
Caribbean,Mainland,Central and northernmost South America,10000000,0,Chlorophonia,elegantissima,elegantissima,5033,,N,HONDURAS,"HONDURAS, MORAZAN",2600FT,,F,NA,56.44,43.68,12.76,22.60807938,13.84,39.95,5.3,4.11,6.75,Mia
Caribbean,Mainland,Central and northernmost South America,10000000,0,Chlorophonia,elegantissima,elegantissima,5034,,N,HONDURAS,"HONDURAS, MORAZAN",,,F,NA,57.53,47.36,10.17,17.67773336,13.29,37.68,5.3,3.74,6.43,Mia
Caribbean,Mainland,Central and northernmost South America,10000000,0,Chlorophonia,elegantissima,elegantissima,1573,,N,HONDURAS,"HONDURAS, MORAZAN",2600FT,,M,NA,59.49,45.75,13.74,23.09631871,13.29,36.75,4.63,4.21,6.85,Mia
Caribbean,Mainland,Central and northernmost South America,10000000,0,Chlorophonia,elegantissima,elegantissima,1559,,N,HONDURAS,"HONDURAS, MORAZAN",2600FT,,F,NA,57.79,46.74,11.05,19.12095518,12.35,34.64,5.35,5,6.67,Mia
Caribbean,Mainland,Central and northernmost South America,10000000,0,Chlorophonia,elegantissima,elegantissima,5032,,N,HONDURAS,"HONDURAS, MORAZAN",2600FT,,F,NA,61.05,48.12,12.93,21.17936118,13.51,35.55,5.21,3.76,6.87,Mia
Caribbean,Mainland,Central and northernmost South America,10000000,0,Chlorophonia,elegantissima,elegantissima,5037,,N,MEXICO,"MEXICO, DISTRITO FEDERAL",,,M,NA,65.81,52.43,13.38,20.33125665,13.48,41.41,3.71,3.76,6.89,Brynn
Caribbean,Mainland,Central and northernmost South America,10000000,0,Chlorophonia,elegantissima,elegantissima,5036,,N,MEXICO,"MEXICO, OAXACA",,,M,NA,60.44,45.31,15.13,25.03309067,13.07,38.68,4.12,4.02,6.74,Brynn
Caribbean,Mainland,Central and northernmost South America,10000000,0,Chlorophonia,elegantissima,elegantissima,5035,,N,MEXICO,"MEXICO, OAXACA",2100M,,F,NA,64.57,44.43,20.14,31.19095555,12.59,37.23,5.14,3.88,7.02,Mia
Caribbean,Mainland,Central and northernmost South America,10000000,0,Chlorophonia,elegantissima,vincens,36063,,N,MEXICO,"MEXICO, CHIAPAS",,,M,NA,65.4,48.53,16.87,25.79510703,13.55,42.93,4.98,3.98,6.39,Mia
Caribbean,Mainland,Central and northernmost South America,10000000,0,Chlorophonia,elegantissima,vincens,36064,,N,MEXICO,"MEXICO, CHIAPAS",,,F,NA,62.97,49.6,13.37,21.23233286,13.62,39.71,5.76,3.89,7.21,Mia
Caribbean,Mainland,Central and northernmost South America,10000000,0,Chlorophonia,elegantissima,,1755,,N,NA,NA,,,M,NA,62.71,46.93,15.78,25.16345081,NA,36.55,5.08,4.17,6.71,Mia
Caribbean,Mainland,Central and northernmost South America,10000000,0,Chlorophonia,occipitalis,occipitalis,5047,,N,MEXICO,"MEXICO, OAXACA",,,F,NA,76.27,57.97,18.3,23.99370657,20.02,46.97,4.46,5.74,8.61,Brynn
Caribbean,Mainland,Central and northernmost South America,10000000,0,Chlorophonia,occipitalis,occipitalis,5046,,N,MEXICO,"MEXICO, OAXACA",,,F,NA,77.94,58.67,19.27,24.72414678,16.74,47.34,4.17,5.59,10.04,Brynn
Caribbean,Mainland,Central and northernmost South America,10000000,0,Chlorophonia,occipitalis,occipitalis,5041,,N,MEXICO,"MEXICO, OAXACA",,,F,NA,74.92,57.49,17.43,23.2648158,17.37,46.61,4.67,6.43,10.23,Brynn
Caribbean,Mainland,Central and northernmost South America,10000000,0,Chlorophonia,occipitalis,occipitalis,5040,,N,MEXICO,"MEXICO, OAXACA",,,F,NA,71.1,50.79,20.31,28.56540084,17.33,41.14,4.93,5.59,9.29,Brynn
Caribbean,Mainland,Central and northernmost South America,10000000,0,Chlorophonia,occipitalis,occipitalis,5042,,N,MEXICO,"MEXICO, OAXACA",500M,,F,NA,76.64,57.97,18.67,24.36064718,17.82,45.37,5.45,6.24,9.85,Mia
Caribbean,Mainland,Central and northernmost South America,10000000,0,Chlorophonia,occipitalis,occipitalis,5039,,N,MEXICO,"MEXICO, OAXACA",,,F,NA,74.44,55.87,18.57,24.94626545,17.23,43.16,5.14,6.27,10.12,Brynn
Caribbean,Mainland,Central and northernmost South America,10000000,0,Chlorophonia,occipitalis,occipitalis,5044,,N,MEXICO,"MEXICO, OAXACA",500M,,F,NA,74.07,54.2,19.87,26.82597543,17.9,44.22,4.84,6.38,9.14,Mia
Caribbean,Mainland,Central and northernmost South America,10000000,0,Chlorophonia,occipitalis,occipitalis,5045,,N,MEXICO,"MEXICO, OAXACA",,,F,NA,77.46,59.12,18.34,23.67673638,18.05,45.12,4.72,5.98,10.13,Brynn
Caribbean,Mainland,Central and northernmost South America,10000000,0,Chlorophonia,occipitalis,,36069,,N,MEXICO,"MEXICO, CHIAPAS",,,F,NA,72.09,58.68,13.41,18.60174782,17.57,45.23,6.38,5.85,9.19,Mia
Caribbean,Mainland,Central and northernmost South America,10000000,0,Chlorophonia,occipitalis,,36068,,N,MEXICO,"MEXICO, CHIAPAS",,,M,NA,76.09,59.37,16.72,21.97397818,16.71,45.33,6.03,5.84,9.39,Mia
Caribbean,Mainland,Central and northernmost South America,10000000,0,Chlorophonia,occipitalis,,5043,,N,MEXICO,"MEXICO, OAXACA",,,F,NA,76.57,54.32,22.25,29.05837795,15.99,49.49,5.12,6.05,10.26,Mia
Caribbean,Continental island,Colon - Bocas del Toro,98,1.48,Coereba,flaveola,mexicana,46358,8/2/2008,Y,PANAMA,PANAMA: PROV. BOCAS DEL TORO; ISLA COLON; SMITHSONIAN TROPICAL RESEARCH INSTITUTE STATION,NA,Netted in scrubby grassy field,F,9.3,57.5,46.13,11.37,19.77391304,13.01,38.08,3.42,4,14.14,Mia
Caribbean,Continental island,Colon - Bocas del Toro,98,1.48,Coereba,flaveola,mexicana,46286,8/4/2007,Y,PANAMA,PANAMA: PROV. BOCAS DEL TORO; ISLA COLON; SMITHSONIAN TROPICAL RESEARCH INSTITUTE STATION,NA,"netted, scrub/mangrove edge",M,9.6,54.82,46.77,8.05,14.68442174,13.91,32.53,3.08,3.32,13.33,Mia
Caribbean,Continental island,Colon - Bocas del Toro,98,1.48,Coereba,flaveola,mexicana,46280,9/4/2007,Y,PANAMA,PANAMA: PROV. BOCAS DEL TORO; ISLA COLON; SMITHSONIAN TROPICAL RESEARCH INSTITUTE STATION,NA,"netted, scrub/mangrove edge",M,9.9,55.77,52.61,3.16,5.666128743,12.89,30.84,3.04,3.53,14.23,Mia
Caribbean,Continental island,Colon - Bocas del Toro,98,1.48,Coereba,flaveola,mexicana,56058,,N,PANAMA,Bocas Del Toro,,,,NA,56.67,48.79,7.88,13.90506441,15.94,35.01,2.74,3.54,13.41,Brynn
Caribbean,Continental island,Cozumel,647.33,17.46,Coereba,flaveola,caboti,9223,,N,MEXICO,Cozumel,,,,NA,61.27,53.34,7.93,12.94271258,16.9,44.12,3.35,4.36,14.16,Mia
Caribbean,Continental island,Cozumel,647.33,17.46,Coereba,flaveola,caboti,9226,,N,MEXICO,Cozumel,,,,NA,58.08,51.02,7.06,12.15564738,15.61,36.61,3.69,NA,13.99,Mia
Caribbean,Continental island,Cozumel,647.33,17.46,Coereba,flaveola,caboti,9225,,N,MEXICO,Cozumel,,,,NA,56.5,50.76,5.74,10.15929204,16.73,40.48,3.19,NA,13.32,Mia
Caribbean,Continental island,Cozumel,647.33,17.46,Coereba,flaveola,caboti,9224,,N,MEXICO,Cozumel,,,,NA,54.15,46.33,7.82,14.44136657,16.36,37.89,3.36,NA,13.73,Mia
Caribbean,Continental island,Tobago,300,119.21,Coereba,flaveola,luteola,46435,,Y,TRINIDAD & TOBAGO,CANOE BAY FOREST,,,,10.45,64.74,54.72,10.02,15.47729379,18.27,35.48,3.23,3.57,12.51,Brynn
Caribbean,Continental island,Tobago,300,119.21,Coereba,flaveola,luteola,46439,,Y,TRINIDAD & TOBAGO,CANOE BAY FOREST,,,,10.65,63.7,53.67,10.03,15.74568289,17.67,35.65,3.01,3.61,12.32,Brynn
Caribbean,Continental island,Tobago,300,119.21,Coereba,flaveola,luteola,45883,,Y,TRINIDAD & TOBAGO,CANOE BAY FOREST,,,,11,57.86,47.87,9.99,17.26581403,15.6,38.71,3.32,3.8,12.22,Brynn
Caribbean,Continental island,Tobago,300,119.21,Coereba,flaveola,luteola,46023,,Y,TRINIDAD & TOBAGO,TOBAGO,,,,10.1,51.94,41.08,10.86,20.90874085,16.6,34.43,3.04,3.77,11.46,Brynn
Caribbean,Continental island,Tobago,300,119.21,Coereba,flaveola,luteola,45995,,Y,TRINIDAD & TOBAGO,TOBAGO,,,,9.9,57.59,49.38,8.21,14.25594721,17.36,35.14,3.22,3.67,12.06,Brynn
Caribbean,Continental island,Tobago,300,119.21,Coereba,flaveola,luteola,45892,,Y,TRINIDAD & TOBAGO,TOBAGO,,,,10.1,58.43,51.08,7.35,12.57915454,16.66,42.87,3.11,3.82,12.47,Brynn
Caribbean,Continental island,Tobago,300,119.21,Coereba,flaveola,luteola,45902,,Y,TRINIDAD & TOBAGO,TOBAGO,,,,9.45,57.15,45.4,11.75,20.55993001,17.19,38.48,3.41,3.87,12.78,Brynn
Caribbean,Continental island,Tobago,300,119.21,Coereba,flaveola,luteola,46008,,Y,TRINIDAD & TOBAGO,TOBAGO,,,,10.2,56.25,43.56,12.69,22.56,17.95,41.52,3.29,3.52,12.36,Brynn
Caribbean,Continental island,Tobago,300,119.21,Coereba,flaveola,luteola,46436,,Y,TRINIDAD & TOBAGO,CANOE BAY FOREST,,,,11.1,65.61,52.88,12.73,19.4025301,17.89,43.59,3.13,3.73,12.55,Brynn
Caribbean,Continental island,Tobago,300,119.21,Coereba,flaveola,luteola,46390,,Y,TRINIDAD & TOBAGO,TOBAGO FOREST RESERVE,,,,10.7,55.02,46.09,8.93,16.23046165,16.59,40.23,3.15,3.59,12.21,Brynn
Caribbean,Continental island,Trinidad,5009,19.84,Coereba,flaveola,luteola,45916,,Y,TRINIDAD & TOBAGO,2.7 KM SW MORNE BLEU,,,,10.3,58.35,49.55,8.8,15.08140531,16.32,36.21,3.17,3.68,11.66,Brynn
Caribbean,Continental island,Trinidad,5009,19.84,Coereba,flaveola,luteola,45919,,Y,TRINIDAD & TOBAGO,2.7 KM SW MORNE BLEU,,,,10.4,56.55,48.85,7.7,13.61626879,16.43,36.4,3.17,3.32,12.5,Brynn
Caribbean,Continental island,Trinidad,5009,19.84,Coereba,flaveola,luteola,46026,,Y,TRINIDAD & TOBAGO,2.7 KM SW MORNE BLEU,,,,10.6,56.59,49.08,7.51,13.27089592,16.75,33.18,3.1,3.49,12.42,Brynn
Caribbean,Continental island,Trinidad,5009,19.84,Coereba,flaveola,luteola,46028,,Y,TRINIDAD & TOBAGO,2.7 KM SW MORNE BLEU,,,,11.4,67.8,52.3,15.5,22.86135693,18.02,47.32,3.17,3.97,13.3,Brynn
Caribbean,Continental island,Trinidad,5009,19.84,Coereba,flaveola,luteola,45927,,Y,TRINIDAD & TOBAGO,"ARIPO VALLEY, L'ORANGE ESTATE",,,,10.2,55.51,45.63,9.88,17.79859485,15.66,38.38,3.07,3.45,12.94,Brynn
Caribbean,Continental island,Trinidad,5009,19.84,Coereba,flaveola,luteola,10819,,N,TRINIDAD & TOBAGO,ARIMA VALLEY,,,,,51.05,43.36,7.69,15.06366308,16.15,31.66,3.12,3.44,11.78,Brynn
Caribbean,Continental island,Trinidad,5009,19.84,Coereba,flaveola,luteola,42637,,Y,TRINIDAD & TOBAGO,TRINIDAD,,,,10.1,60.55,50.52,10.03,16.56482246,16.79,31.89,3.15,3.76,13,Brynn
Caribbean,Continental island,Trinidad,5009,19.84,Coereba,flaveola,luteola,42586,,Y,TRINIDAD & TOBAGO,TRINIDAD,,,,9.3,51.53,43.19,8.34,16.18474675,16.82,32.45,3.12,3.2,12.87,Brynn
Caribbean,Continental island,Trinidad,5009,19.84,Coereba,flaveola,luteola,46427,,Y,TRINIDAD & TOBAGO,TRINIDAD,,,,10.25,52.55,42.52,10.03,19.08658421,15.02,31.45,3.27,3.25,13.24,Brynn
Caribbean,Continental island,Trinidad,5009,19.84,Coereba,flaveola,luteola,46369,,Y,TRINIDAD & TOBAGO,TRINIDAD,,,,10.8,60.24,51.04,9.2,15.27224436,14.71,33.85,3.21,3.4,12.9,Brynn
Caribbean,Continental island,Trinidad,5009,19.84,Coereba,flaveola,luteola,46370,,Y,TRINIDAD & TOBAGO,TRINIDAD,,,,11.95,61.93,52.04,9.89,15.96964315,17.11,30.89,3.25,3.45,13,Brynn
Caribbean,Continental island,Trinidad,5009,19.84,Coereba,flaveola,luteola,45977,,Y,TRINIDAD & TOBAGO,TRINIDAD,,,,11.8,61.41,50.28,11.13,18.12408403,15.98,41.36,3.17,3.46,12.31,Brynn
Caribbean,Continental island,Trinidad,5009,19.84,Coereba,flaveola,luteola,45866,,Y,TRINIDAD & TOBAGO,TRINIDAD,,,,10.4,56.05,44.63,11.42,20.37466548,16.69,32.96,3.05,3.43,12.28,Brynn
Caribbean,Continental island,Trinidad,5009,19.84,Coereba,flaveola,luteola,46461,,Y,TRINIDAD & TOBAGO,TRINIDAD,,,,11.15,56.16,46.33,9.83,17.50356125,16.46,39.85,3.26,3.59,12.36,Brynn
Caribbean,Continental island,Trinidad,5009,19.84,Coereba,flaveola,luteola,46511,,Y,TRINIDAD & TOBAGO,TRINIDAD,,,,10,51.4,42.1,9.3,18.09338521,15.48,35.39,3.03,3.48,11.81,Brynn
Caribbean,Greater Antilles,Cayman Brac,38,639.27,Coereba,flaveola,sharpei,36115,,N,CAYMAN ISLANDS,Cayman Brac BWI ,,,,NA,54.94,46.53,8.41,15.3076083,18.35,42.75,3.19,3.53,14.3,Brynn
Caribbean,Greater Antilles,Grand Cayman,196,492.12,Coereba,flaveola,sharpei,22243,,N,CAYMAN ISLANDS,Grand Cayman,,,,NA,61.5,55.26,6.24,10.14634146,20.65,51.61,3.22,3.68,14.84,Brynn
Caribbean,Greater Antilles,Grand Cayman,196,492.12,Coereba,flaveola,sharpei,36114,,N,CAYMAN ISLANDS,"Newlands, Grand Cayman",,,,NA,58.89,53.83,5.06,8.592290711,19.53,45.45,3.04,3.42,13.56,Brynn
Caribbean,Greater Antilles,Hispaniola - Ayiti - Quisqueya,73929,575.78,Coereba,flaveola,bananivora,30691,,N,DOMINICAN REPUBLIC,"DIST. SANTO DOMINGO, GUERRA, CA 30 KM NE CIUDAD TRUJILLO,",,,,8.4,57.04,49.25,7.79,13.65708275,14.93,41.04,2.87,3.35,12.28,Brynn
Caribbean,Greater Antilles,Hispaniola - Ayiti - Quisqueya,73929,575.78,Coereba,flaveola,bananivora,52056,,Y,DOMINICAN REPUBLIC,PARQUE NACIONAL MARTIN GARCIA,,,,7.3,55.35,45.48,9.87,17.83197832,15.56,41.59,2.38,3.09,11.86,Brynn
Caribbean,Greater Antilles,Hispaniola - Ayiti - Quisqueya,73929,646.32,Coereba,flaveola,bananivora,8045,,N,HAITI,NAN CAFE,,,,NA,62.18,52.11,10.07,16.19491798,17.14,39.73,2.97,3.18,11.34,Brynn
Caribbean,Greater Antilles,Hispaniola - Ayiti - Quisqueya,73929,646.32,Coereba,flaveola,bananivora,21048,,N,HAITI,PAILLANT,,,,NA,50.19,43.68,6.51,12.9707113,15.14,29.58,2.54,2.97,10.26,Brynn
Caribbean,Greater Antilles,Jamaica - Yameya,11190,616.75,Coereba,flaveola,flaveola,18148,,N,JAMAICA,WORTHY PARK,,,M,7.7,60.18,43.93,16.25,27.00232635,17.47,41.26,3.01,3.87,12.45,Mia
Caribbean,Greater Antilles,Jamaica - Yameya,11190,616.75,Coereba,flaveola,flaveola,11225,,N,JAMAICA,MONTEGO BAY,,,M,NA,59.37,47.08,12.29,20.70069058,16.26,41.78,3.25,3.97,12.07,Mia
Caribbean,Greater Antilles,Jamaica - Yameya,11190,616.75,Coereba,flaveola,flaveola,36113,,N,JAMAICA,#N/A,,,M,NA,56.43,47.41,9.02,15.98440546,16.68,38.9,3.26,3.7,11.92,Mia
Caribbean,Greater Antilles,Jamaica - Yameya,11190,616.75,Coereba,flaveola,flaveola,40113,,Y,JAMAICA,#N/A,,,M,NA,54.95,47.96,6.99,12.72065514,,,,,,Mia
Caribbean,Greater Antilles,Jamaica - Yameya,11190,616.75,Coereba,flaveola,flaveola,50059,,Y,JAMAICA,#N/A,,,M,10.1,63.34,51.76,11.58,18.28228608,,,,,,Mia
Caribbean,Greater Antilles,Puerto Rico - Borikén,9100,745.62,Coereba,flaveola,portoricensis,9232,,N,PUERTO RICO,#N/A,,,,NA,61.3,49.13,12.17,19.85318108,16.58,44.15,3.14,3.55,13.85,Brynn
Caribbean,Greater Antilles,Puerto Rico - Borikén,9100,745.62,Coereba,flaveola,portoricensis,4231,,N,PUERTO RICO,#N/A,,,,NA,61.27,54.09,7.18,11.71862249,15.84,47.04,3.17,NA,14.72,Brynn
Caribbean,Greater Antilles,Puerto Rico - Borikén,9100,745.62,Coereba,flaveola,portoricensis,30694,,N,PUERTO RICO,#N/A,,,,NA,57.93,48.5,9.43,16.27826687,17.43,45.64,3.09,3.69,14.62,Brynn
Caribbean,Greater Antilles,Puerto Rico - Borikén,9100,745.62,Coereba,flaveola,portoricensis,56059,,N,PUERTO RICO,"Puerto Rico, Laguna Cartagena",,,,NA,59.04,51.41,7.63,12.92344173,16.59,42.42,3.18,NA,14.46,Brynn
Caribbean,Lesser Antilles - Kalinago,Barbados,431,426.26,Coereba,flaveola,barbadensis,10251,,N,BARBADOS,"ST. MICHAEL, BARBADOS MUSEUM GARDEN",,,,NA,61.3,50.93,10.37,16.91680261,18.62,47.76,2.72,3.19,12.63,Brynn
Caribbean,Lesser Antilles - Kalinago,Barbados,431,426.26,Coereba,flaveola,barbadensis,10225,,N,BARBADOS,"ST. MICHAEL, BARBADOS MUSEUM GARDEN",,,,NA,55.29,45.77,9.52,17.21830349,17.48,35.65,2.98,3.06,12.38,Brynn
Caribbean,Lesser Antilles - Kalinago,Barbados,431,426.26,Coereba,flaveola,barbadensis,10224,,N,BARBADOS,"ST. MICHAEL, BARBADOS MUSEUM GARDEN",,,,NA,53.78,45.66,8.12,15.09854965,16.82,33.91,2.98,3.26,11.63,Brynn
Caribbean,Lesser Antilles - Kalinago,Barbados,431,426.26,Coereba,flaveola,barbadensis,10223,,N,BARBADOS,"ST. MICHAEL, BARBADOS MUSEUM GARDEN",,,,NA,51.98,42.1,9.88,19.0073105,16.46,38.61,2.56,2.98,12.16,Brynn
Caribbean,Lesser Antilles - Kalinago,St. Eustatius,21,741.91,Coereba,flaveola,barthomelica,10193,,N,DUTCH WEST INDIES,N/A,,,,NA,58.36,46.62,11.74,20.11651816,17.98,42.48,3.13,3.32,13.55,Brynn
Caribbean,Lucayan,Conception,8,581.19,Coereba,flaveola,bahamensis,10214,,N,BAHAMAS,N/A,,,F,NA,54.57,44.16,10.41,19.07641561,18.58,37.12,2.96,,14,Mia
Caribbean,Lucayan,Eleuthera,288,368.03,Coereba,flaveola,bahamensis,9230,,N,BAHAMAS,N/A,,,F,NA,59.99,49.77,10.22,17.0361727,16.71,43.18,3.46,4.16,13.27,Mia
Caribbean,Lucayan,Grand Bahama,1096,145.79,Coereba,flaveola,bahamensis,14319,,N,BAHAMAS,WEST END,,,M,NA,64.35,45.74,18.61,28.91996892,17.88,40.24,3.17,3.56,12.21,Mia
Caribbean,Lucayan,Middle Caicos,144.2,991.01,Coereba,flaveola,bahamensis,40114,,Y,TURKS & CAICOS ISLANDS,2.5 KM W CONCH BAR,,,F,7.8,58.69,46.4,12.29,20.94053501,19.1,34,3.44,3.84,14.71,Mia
Caribbean,Lucayan,Middle Caicos,144.2,991.01,Coereba,flaveola,bahamensis,40117,,Y,TURKS & CAICOS ISLANDS,2.5 KM W CONCH BAR,,,M,9.1,65.26,53.19,12.07,18.49524977,17.81,37.95,3.01,3.7,14.34,Mia
Caribbean,Lucayan,New Providence,207,291.94,Coereba,flaveola,bahamensis,30690,,N,BAHAMAS,WEST END,,,F,NA,60.69,50.16,10.53,17.3504696,19.02,43.36,3.53,3.81,12.98,Mia
Caribbean,Lucayan,New Providence,207,291.94,Coereba,flaveola,bahamensis,41211,,N,BAHAMAS,PROSPECT RIDGE,,,M,8.3,63.23,49.3,13.93,22.03068164,18.71,42.96,3.78,4.19,13.98,Mia
Caribbean,Lucayan,New Providence,207,291.94,Coereba,flaveola,bahamensis,41212,,Y,BAHAMAS,"NASSAU; VILLAGE ROAD, BAHAMAS NATIONAL TRUST RETREAT",,,F,10.8,61.07,44.33,16.74,27.41116751,20.55,42.82,3.98,3.84,13.59,Mia
Caribbean,Lucayan,New Providence,207,291.94,Coereba,flaveola,bahamensis,8928,,N,BAHAMAS,NASSAU,,,M,NA,66.34,53.75,12.59,18.97799216,18.56,51.43,3.38,4.07,13.65,Mia
Caribbean,Mainland,Central and northernmost South America,10000000,0,Coereba,flaveola,caucae,36118,1/10/1996,N,COLOMBIA,"CALI, NEAR",1600m,,M,NA,57.47,47.78,9.69,16.86097094,13.18,38.73,3.21,NA,13.8,Mia
Caribbean,Mainland,Central and northernmost South America,10000000,0,Coereba,flaveola,caucae,36119,4/10/1966,N,COLOMBIA,"CALI, NEAR",1700m,,F,NA,54.23,46.43,7.8,14.38318274,14.73,34.54,3.7,NA,12.61,Mia
Caribbean,Mainland,Central and northernmost South America,10000000,0,Coereba,flaveola,luteola,36120,,N,COLOMBIA,NAZARETH,,,,NA,52.24,43.6,8.64,16.53905054,18.57,33.26,3.48,3.34,11.22,Brynn
Caribbean,Mainland,Central and northernmost South America,10000000,0,Coereba,flaveola,luteola,36121,,N,COLOMBIA,NAZARETH,,,,NA,58.06,47.43,10.63,18.30864623,17.13,34.54,3.24,3.19,13.34,Brynn
Caribbean,Mainland,Central and northernmost South America,10000000,0,Coereba,flaveola,luteola,9229,,N,COLOMBIA,"CARTAGENA [PRESUMABLY: TAG READS ""GRANADA, CARTHAGENA""]",,,,NA,56.92,45.99,10.93,19.20238932,18.28,36.15,2.93,3.21,10.87,Brynn
Caribbean,Mainland,Central and northernmost South America,10000000,0,Coereba,flaveola,magnirostris,49256,14/10/2010,Y,PERU,AREA DE CONSERVACION PRIVADA GOTAS DE AGUA,NA,NA,M,11.06,69.52,55.29,14.23,20.4689298,17.08,41.21,3.46,3.62,17.15,Brynn
Caribbean,Mainland,Central and northernmost South America,10000000,0,Coereba,flaveola,magnirostris,49222,17/10/2010,Y,PERU,AREA DE CONSERVACION PRIVADA GOTAS DE AGUA,NA,NA,M,9.43,63.65,53.53,10.12,15.89945012,17.33,29.08,3.46,3.73,15.68,Brynn
Caribbean,Mainland,Central and northernmost South America,10000000,0,Coereba,flaveola,magnirostris,49226,18/10/2010,Y,PERU,AREA DE CONSERVACION PRIVADA GOTAS DE AGUA,NA,NA,F,9.19,58.38,51.35,7.03,12.04179514,16.2,33.45,3.36,3.56,16.35,Brynn
Caribbean,Mainland,Central and northernmost South America,10000000,0,Coereba,flaveola,magnirostris,49235,21/10/2010,Y,PERU,AREA DE CONSERVACION PRIVADA GOTAS DE AGUA,NA,NA,F,8.73,58.4,51.74,6.66,11.40410959,17.25,33.68,3.33,3.57,13.9,Brynn
Caribbean,Mainland,Central and northernmost South America,10000000,0,Coereba,flaveola,magnirostris,47340,7/11/2009,Y,PERU,BALSAS,NA,NA,M,7.45,54.82,51.57,3.25,5.928493251,16.52,33.26,3.32,3.89,14.83,Brynn
Caribbean,Mainland,Central and northernmost South America,10000000,0,Coereba,flaveola,magnirostris,47367,,Y,PERU,BALSAS,,,,8.75,60.05,50.75,9.3,15.48709409,17.04,36.03,2.91,3.54,14.78,Brynn
Caribbean,Mainland,Central and northernmost South America,10000000,0,Coereba,flaveola,magnirostris,47381,,Y,PERU,BALSAS,,,,9.85,61.97,56.79,5.18,8.358883331,15.95,40.21,3.13,3.46,14.79,Brynn
Caribbean,Mainland,Central and northernmost South America,10000000,0,Coereba,flaveola,mexicana,9228,NA,N,GUATEMALA,Guatemala,NA,beak opened,NA,NA,48.68,44.37,4.31,8.853738702,13.89,33.95,2.86,NA,12.49,Mia
Caribbean,Mainland,Central and northernmost South America,10000000,0,Coereba,flaveola,mexicana,9227,NA,N,MEXICO,mexico: MIRADOR,NA,NA,NA,NA,49.37,45.39,3.98,8.061575856,13.49,31.66,3.22,3.26,12.52,Mia
Caribbean,Mainland,Central and northernmost South America,10000000,0,Coereba,flaveola,mexicana,2177,2/7/1949,N,MEXICO,Oaxaca: LaCova ,1000m,,F,NA,50.49,46.09,4.4,8.71459695,15.1,30.81,2.94,3.41,12.6,Mia
Caribbean,Mainland,Central and northernmost South America,10000000,0,Coereba,flaveola,mexicana,2178,13/07/1949,,MEXICO,Oaxaca: LaCova ,1000m,skele fragments ,M,NA,54.02,46.9,7.12,13.18030359,15.56,37.79,3.12,3.3,12.69,Mia
Caribbean,Mainland,Central and northernmost South America,10000000,0,Coereba,flaveola,mexicana,2179,25/07/1949,N,MEXICO,Oaxaca: LaCova ,1000m,,M,NA,54.52,46.28,8.24,15.11371974,14.8,35.87,3.06,3.35,12.76,Mia
Caribbean,Mainland,Central and northernmost South America,10000000,0,Coereba,flaveola,pacifica,49413,18/10/2011,Y,PERU,Peru Depto. Plura Plov. SullaNA Coto de Caze El Angolo 14km SE FerNAndez 4 degrees 14.33'S 80 degrees 44.70'W,854m,"netted, semideciduous forest, p skele",M,8.8,56.47,49.06,7.41,13.12201169,16.96,30.38,3,3.52,13.79,Brynn
Caribbean,Mainland,Central and northernmost South America,10000000,0,Euphonia,affinis,affinis,5027,,N,HONDURAS,"HONDURAS, MORAZAN",2600FT,,F,NA,53.85,43.01,10.84,20.12999071,12.87,31.74,4.66,3.7,6.65,Mia
Caribbean,Mainland,Central and northernmost South America,10000000,0,Euphonia,affinis,affinis,5024,,N,HONDURAS,"HONDURAS, MORAZAN",,,M,NA,49.23,42.92,6.31,12.81738777,11.99,34.5,4.19,3.83,6.79,Mia
Caribbean,Mainland,Central and northernmost South America,10000000,0,Euphonia,affinis,affinis,5031,,N,HONDURAS,"HONDURAS, MORAZAN",2600ft,,M,NA,52.14,43.22,8.92,17.10778673,14.53,31.66,4.28,3.8,6.43,Mia
Caribbean,Mainland,Central and northernmost South America,10000000,0,Euphonia,affinis,affinis,1567,,N,HONDURAS,"HONDURAS, MORAZAN",2600ft,,F,NA,51.36,42.8,8.56,16.66666667,13.8,30.72,4.77,4.22,6.55,Mia
Caribbean,Mainland,Central and northernmost South America,10000000,0,Euphonia,affinis,affinis,1557,,N,HONDURAS,"HONDURAS, MORAZAN",2600FT,,M,NA,50.52,45.1,5.42,10.72842439,13.72,34.49,3.96,4.12,6.43,Mia
Caribbean,Mainland,Central and northernmost South America,10000000,0,Euphonia,affinis,affinis,5029,,N,HONDURAS,"HONDURAS, MORAZAN",2600ft,,F,NA,50.64,42.17,8.47,16.72590837,13.19,32.29,4.87,3.84,6.56,Mia
Caribbean,Mainland,Central and northernmost South America,10000000,0,Euphonia,affinis,affinis,1558,,N,HONDURAS,"HONDURAS, PARAISO",1900ft,,F,NA,51.92,42.4,9.52,18.33590139,13.7,31.96,4.59,4.15,6.51,Mia
Caribbean,Mainland,Central and northernmost South America,10000000,0,Euphonia,affinis,affinis,14309,,N,MEXICO,"MEXICO, CHIAPAS",2400FT,,,NA,53.01,39.95,13.06,24.63686097,13.69,34.97,4.59,4.16,6.12,Mia
Caribbean,Mainland,Central and northernmost South America,10000000,0,Euphonia,affinis,affinis,5020,,N,MEXICO,"MEXICO, OAXACA",,,M,NA,49.23,37.73,11.5,23.35974,11.83,30.3,5.14,3.34,5.72,Mia
Caribbean,Mainland,Central and northernmost South America,10000000,0,Euphonia,affinis,affinis,5021,,N,MEXICO,"MEXICO, OAXACA",,,M,NA,54.33,42.12,12.21,22.4737714,15.18,35.03,5.12,3.96,7.13,Mia
Caribbean,Mainland,Central and northernmost South America,10000000,0,Euphonia,affinis,affinis,5022,,N,MEXICO,"MEXICO, OAXACA",,,M,NA,52.64,41.79,10.85,20.61170213,14.3,37.36,4.41,4.17,7.85,Mia
Caribbean,Mainland,Central and northernmost South America,10000000,0,Euphonia,affinis,affinis,5023,,N,MEXICO,"MEXICO, OAXACA",,,M,NA,54.5,42.07,12.43,22.80733945,13.19,33.14,4.1,3.89,7.76,Mia
Caribbean,Mainland,Central and northernmost South America,10000000,0,Euphonia,affinis,affinis,9269,,N,MEXICO,"MEXICO, YUCATAN",,,,NA,48.9,36.59,12.31,25.17382413,12.37,32.65,4.61,3.92,6.6,Mia
Caribbean,Mainland,Central and northernmost South America,10000000,0,Euphonia,affinis,,5030,,Y,HONDURAS,HONDURAS,,,,NA,51.47,41.88,9.59,18.63221294,11.47,37.54,3.28,3.76,6.63,Brynn
Caribbean,Mainland,Central and northernmost South America,10000000,0,Euphonia,affinis,,5028,,N,HONDURAS,HONDURAS,,,,NA,51.41,43.59,7.82,15.21104843,12.61,32.94,4.24,4.08,7.15,Brynn
Caribbean,Mainland,Central and northernmost South America,10000000,0,Euphonia,affinis,,5025,,N,HONDURAS,"HONDURAS, EL PARAISO",,,,NA,52.66,44.12,8.54,16.21724269,13.26,39.03,3.73,3.87,7.21,Brynn
Caribbean,Mainland,Central and northernmost South America,10000000,0,Euphonia,affinis,,5026,,N,HONDURAS,"HONDURAS, MORAZAN",,,,NA,50.93,42.91,8.02,15.74710387,13.15,34.07,3.37,3.93,6.25,Brynn
Caribbean,Mainland,Central and northernmost South America,10000000,0,Euphonia,chlorotica,hypoxantha,49409,,Y,PERU,"PERU, DEPTO. PIURA, PROV. SULLANA",,,F,NA,66.14,49.72,16.42,24.8261264,15.78,35.9,4.98,5.98,8.34,Brynn
Caribbean,Mainland,Central and northernmost South America,10000000,0,Euphonia,chlorotica,taczanowskii,47329,,Y,PERU,"PERU, DEPTO. AMAZONAS, PROV. CHACHAPOYAS",,,,10.6,54.82,44.24,10.58,19.29952572,13.19,34.33,4.1,4.14,7.53,Brynn
Caribbean,Mainland,Central and northernmost South America,10000000,0,Euphonia,chlorotica,taczanowskii,47386,,Y,PERU,"PERU, DEPTO. AMAZONAS, PROV. CHACHAPOYAS",,,,10.85,57.59,45.09,12.5,21.70515715,14.45,34.98,4.23,4.3,8.16,Brynn
Caribbean,Mainland,Central and northernmost South America,10000000,0,Euphonia,chlorotica,taczanowskii,49153,,Y,PERU,"PERU, DEPTO. CAJAMARCA, PROV. JAEN",,,,10.99,56.56,42.95,13.61,24.06294201,14.03,41.23,4.4,4.05,7.78,Brynn
Caribbean,Mainland,Central and northernmost South America,10000000,0,Euphonia,chlorotica,taczanowskii,49238,,Y,PERU,"PERU, DEPTO. CAJAMARCA, PROV. JAEN",,,,9.35,58.85,46.68,12.17,20.67969414,13.4,44.43,4.17,4.51,8.47,Brynn
Caribbean,Mainland,Central and northernmost South America,10000000,0,Euphonia,chlorotica,taczanowskii,49169,,Y,PERU,"PERU, DEPTO. CAJAMARCA, PROV. JAEN",,,,10.65,56.08,45.41,10.67,19.02639087,13.71,33.59,4.15,4.31,7.94,Brynn
Caribbean,Mainland,Central and northernmost South America,10000000,0,Euphonia,chlorotica,,9879,,N,BRAZIL,BRAZIL,,,,NA,51.03,47.71,3.32,6.505976876,15.84,40.93,3.87,4.79,8.51,Brynn
Caribbean,Mainland,Central and northernmost South America,10000000,0,Euphonia,gouldi,gouldi,5012,,N,MEXICO,"MEXICO, OAXACA",,,F,NA,54.81,43.51,11.3,20.61667579,14.01,31,5.19,4.79,8.71,Mia
Caribbean,Mainland,Central and northernmost South America,10000000,0,Euphonia,gouldi,gouldi,5011,,N,MEXICO,"MEXICO, OAXACA",,,M,NA,55.18,40.06,15.12,27.40123233,13.67,32.09,4.93,5.28,8.47,Mia
Caribbean,Mainland,Central and northernmost South America,10000000,0,Euphonia,gouldi,gouldi,5013,,N,MEXICO,"MEXICO, OAXACA",,,M,NA,58.69,46.68,12.01,20.46345204,14.68,31.69,5.61,5.29,8.51,Mia
Caribbean,Mainland,Central and northernmost South America,10000000,0,Euphonia,gouldi,gouldi,5015,,N,MEXICO,"MEXICO, OAXACA",1000m,,M,NA,56.99,43.51,13.48,23.6532725,14.6,29.87,5.56,5.18,9.51,Mia
Caribbean,Mainland,Central and northernmost South America,10000000,0,Euphonia,gouldi,gouldi,5016,,N,MEXICO,"MEXICO, OAXACA",1000M,,M,NA,58.31,42.01,16.3,27.95403876,16.27,27.53,5.36,5.23,8.85,Mia
Caribbean,Mainland,Central and northernmost South America,10000000,0,Euphonia,gouldi,gouldi,5014,,N,MEXICO,"MEXICO, OAXACA",1000M,,M,NA,58.11,46.05,12.06,20.7537429,15,29.95,4.95,5.21,8.36,Mia
Caribbean,Mainland,Central and northernmost South America,10000000,0,Euphonia,hirundinaceae,,5017,,N,MEXICO,"MEXICO, OAXACA",,,M,NA,61.23,45.07,16.16,26.39229136,14.08,37.87,4.93,5.11,8.36,Brynn
Caribbean,Mainland,Central and northernmost South America,10000000,0,Euphonia,hirundinaceae,,5018,,N,MEXICO,"MEXICO, OAXACA",,,M,NA,62.32,49.09,13.23,21.22913992,14.12,36.23,4.8,5.36,8.12,Brynn
Caribbean,Mainland,Central and northernmost South America,10000000,0,Euphonia,hirundinaceae,,5019,,N,MEXICO,"MEXICO, OAXACA",,,M,NA,60.51,47.12,13.39,22.12857379,14.33,35.34,4.03,5.05,8.77,Brynn
Caribbean,Mainland,Central and northernmost South America,10000000,0,Euphonia,hirundinaceae,,17756,,N,#N/A,#N/A,,,F,NA,60.13,50.51,9.62,15.99866955,17.03,37.9,4.56,4.8,8.19,Brynn
Caribbean,Mainland,Central and northernmost South America,10000000,0,Euphonia,hirundinaceae,,44242,,N,#N/A,#N/A,,,M,NA,58.58,49.4,9.18,15.67087743,17.2,37.02,4.98,4.83,7.7,Brynn
Caribbean,Greater Antilles,Jamaica - Yameya,11190,616.75,Euphonia,jamaica,,12315,,N,JAMAICA,JAMAICA,,,M,NA,63.05,51.35,11.7,18.55670103,16.6,42.5,5.52,6.87,7.86,Mia
Caribbean,Greater Antilles,Jamaica - Yameya,11190,616.75,Euphonia,jamaica,,36056,,N,JAMAICA,"JAMAICA, ST. JAMES PARISH",,,M,NA,64.97,49.16,15.81,24.33430814,17.11,45.43,6.49,6.46,8.4,Mia
Caribbean,Greater Antilles,Jamaica - Yameya,11190,616.75,Euphonia,jamaica,,11229,,N,JAMAICA,"JAMAICA, ST. JAMES PARISH",,,F,16.4,63.77,51.69,12.08,18.94307668,17.14,41,5.97,6.34,8.69,Mia
Caribbean,Mainland,Central and northernmost South America,10000000,0,Euphonia,laniirostris,hypoxantha,20451,,N,ECUADOR,"ECUADOR, PROV. GUAYAS",,,F,NA,55.52,50.74,4.78,8.609510086,15.02,39.43,4.94,5.18,9.16,Brynn
Caribbean,Mainland,Central and northernmost South America,10000000,0,Euphonia,laniirostris,hypoxantha,20446,,N,ECUADOR,"ECUADOR, PROV. GUAYAS",,,M,NA,62.37,51.29,11.08,17.7649511,15.65,39.47,4.51,5.12,8.89,Brynn
Caribbean,Mainland,Central and northernmost South America,10000000,0,Euphonia,laniirostris,hypoxantha,49472,,Y,PERU,"PERU, DEPTO. PIURA, PROV. SULLANA",,,M,NA,67.64,52.29,15.35,22.69367238,16.02,36.04,4.34,5.53,9.55,Brynn
Caribbean,Mainland,Central and northernmost South America,10000000,0,Euphonia,laniirostris,hypoxantha,49405,,Y,PERU,"PERU, DEPTO. PIURA, PROV. SULLANA",,,M,NA,68.92,54.21,14.71,21.34358677,16.47,40.45,4.91,5.32,8.91,Brynn
Caribbean,Mainland,Central and northernmost South America,10000000,0,Euphonia,laniirostris,,21877,,N,PANAMA,"PANAMA, PANAMA PROVINCE",,,M,NA,64.23,50.03,14.2,22.1080492,15.48,35.85,4.69,5.6,9.01,Brynn
Caribbean,Mainland,Central and northernmost South America,10000000,0,Euphonia,laniirostris,,36060,,N,COLOMBIA,"COLOMBIA, CESAR",,,F,NA,57.1,46.54,10.56,18.4938704,14.17,36.43,5.4,NA,9.43,Brynn
Caribbean,Mainland,Central and northernmost South America,10000000,0,Euphonia,laniirostris,,36061,,N,COLOMBIA,"COLOMBIA, TOLIMA",,,M,NA,57.28,43.18,14.1,24.61592179,13.9,43.74,4.9,6,9.94,Brynn
Caribbean,Mainland,Central and northernmost South America,10000000,0,Euphonia,laniirostris,,36059,,N,COLOMBIA,"COLOMBIA, TOLIMA",,,M,NA,65.56,50.28,15.28,23.30689445,14.68,42.64,5.49,NA,9.56,Brynn
Caribbean,Mainland,Central and northernmost South America,10000000,0,Euphonia,minuta,,36065,,N,SURINAME,"SURINAME, BROKOPONDO DISTRICT",,,F,NA,46.43,38.84,7.59,16.34718932,12.18,24.3,4.04,3.63,6.45,Mia
Caribbean,Mainland,Central and northernmost South America,10000000,0,Euphonia,minuta,,36066,,N,SURINAME,"SURINAME, BROKOPONDO DISTRICT",,,M,NA,48.04,38.41,9.63,20.04579517,12.6,24.8,4.51,3.82,7.52,Mia
Caribbean,Mainland,Central and northernmost South America,10000000,0,Euphonia,pectoralis,,9877,,N,BRAZIL,BRAZIL,,,,NA,64.98,52.38,12.6,19.39058172,15.57,38.14,5.54,5.5,9.9,Mia
Caribbean,Mainland,Central and northernmost South America,10000000,0,Euphonia,rufiventris,,9878,,N,BRAZIL,BRAZIL,,,,NA,57.84,48.67,9.17,15.85408022,14.68,34.82,5.3,5,8.53,Mia
Caribbean,Mainland,Central and northernmost South America,10000000,0,Euphonia,saturata,,36058,,N,COLOMBIA,"COLOMBIA, TOLIMA",,,M,NA,59.54,47.64,11.9,19.98656365,14.04,38.38,4.22,4.15,7.03,Brynn
Caribbean,Continental island,Trinidad,5009,19.84,Euphonia,violacea,rodwayi,10807,,N,TRINIDAD & TOBAGO,"TRINIDAD & TOBAGO, TRINIDAD, NARIVA CO.",,,M,NA,57.57,45.16,12.41,21.55636616,15.94,35.4,4.66,4.6,8.91,Brynn
Caribbean,Continental island,Trinidad,5009,19.84,Euphonia,violacea,rodwayi,45979,,Y,TRINIDAD & TOBAGO,"TRINIDAD & TOBAGO, TRINIDAD, ST. GEORGE CO.",,,M,NA,58.34,44.93,13.41,22.98594446,14.25,37.27,5.38,5.44,8.86,Mia
Caribbean,Continental island,Trinidad,5009,19.84,Euphonia,violacea,rodwayi,42650,,Y,TRINIDAD & TOBAGO,"TRINIDAD & TOBAGO, TRINIDAD, ST. GEORGE CO.",,,M,14.3,58.98,48.91,10.07,17.07358427,16.42,40,4.84,5.34,8.53,Brynn
Caribbean,Continental island,Trinidad,5009,19.84,Euphonia,violacea,rodwayi,45859,,Y,TRINIDAD & TOBAGO,"TRINIDAD & TOBAGO, TRINIDAD, ST. GEORGE CO.",,,F,13.6,55.19,45.25,9.94,18.01050915,14.43,36.16,6.2,5.8,9.25,Mia
Caribbean,Continental island,Trinidad,5009,19.84,Euphonia,violacea,rodwayi,46421,,Y,TRINIDAD & TOBAGO,"TRINIDAD & TOBAGO, TRINIDAD, ST. GEORGE CO.",,,F,14.6,57.04,47.59,9.45,16.56732118,15.93,32.32,5.77,5.35,9.26,Mia
Caribbean,Continental island,Trinidad,5009,19.84,Euphonia,violacea,rodwayi,46365,,Y,TRINIDAD & TOBAGO,"TRINIDAD & TOBAGO, TRINIDAD, ST. GEORGE CO.",,,M,15.3,59.51,46.46,13.05,21.92908755,14.21,30.06,4.43,5.12,8.93,Brynn
Caribbean,Continental island,Trinidad,5009,19.84,Euphonia,violacea,rodwayi,46429,,Y,TRINIDAD & TOBAGO,"TRINIDAD & TOBAGO, TRINIDAD, ST. GEORGE CO.",,,M,14,58.95,47.72,11.23,19.05004241,14.89,34.25,4.92,5.42,9.07,Mia
Caribbean,Continental island,Trinidad,5009,19.84,Euphonia,violacea,rodwayi,42650,,N,TRINIDAD & TOBAGO,"TRINIDAD & TOBAGO, TRINIDAD, ST. GEORGE CO.",,,M,NA,60.27,45.52,14.75,24.47320392,NA,NA,NA,NA,NA,Brynn
Caribbean,Greater Antilles,Trinidad,1,19.84,Chlorophonia,musica,Euphonia,145769,musica,13/08/1963,Dominican Republic,San Juan,NA,NA,Male,NA,59.78,51.16,8.62,14.41953831,15.75,41.14,4.52,3.93,6.43,mia
Caribbean,Lesser Antilles - Kalinago,Trinidad,1,19.84,Chlorophonia,flavifrons,Euphonia,145783,flavifrons,3/1/1962,St. Lucia,Piton Flor,NA,NA,Male,NA,68.27,54.28,13.99,20.49216347,15.75,38.66,3.58,4.23,7.53,Preston Ballard
Caribbean,Greater Antilles,Trinidad,1,19.84,Chlorophonia,sclateri,Euphonia,145772,sclateri,28/02/1965,Puerto Rico,2 km W Maguayo,NA,NA,Female,NA,56.7,46.59,10.11,17.83068783,14.35,29.48,4.88,4.54,6.61,Preston Ballard
Caribbean,Greater Antilles,Trinidad,1,19.84,Chlorophonia,musica,Euphonia,145771,musica,13/08/1963,Dominican Republic,San Rafael,NA,NA,Male,NA,61.84,48.75,13.09,21.16752911,17.05,42.36,4.89,4.25,7.55,Mia
Caribbean,Greater Antilles,Trinidad,1,19.84,Chlorophonia,sclateri,Euphonia,145773,sclateri,28/02/1965,Puerto Rico,2 km W Maguayo,NA,NA,Male,NA,59.24,47.54,11.7,19.7501688,13.56,31.29,4.99,4.34,6.8,Preston Ballard
Caribbean,Greater Antilles,Trinidad,1,19.84,Chlorophonia,sclateri,Euphonia,145774,sclateri,28/02/1965,Puerto Rico,2 km W Maguayo,NA,NA,Male,NA,57.42,46.47,10.95,19.07001045,15.11,34.35,4.39,4.17,6.89,mia
Caribbean,Greater Antilles,Trinidad,1,19.84,Chlorophonia,sclateri,Euphonia,145775,sclateri,28/02/1965,Puerto Rico,2 km w Maguayo,NA,NA,Male,NA,58.16,49.02,9.14,15.71526823,13.59,34.39,4.69,4.5,6.45,Preston Ballard
Caribbean,Greater Antilles,Trinidad,1,19.84,Chlorophonia,sclateri,Euphonia,145776,sclateri,28/08/1962,Puerto Rico,1 mile east Maguayo,NA,NA,Female,NA,57.7,45.19,12.51,21.68110919,13.49,37,4.11,4.26,7.58,mia
Caribbean,Greater Antilles,Trinidad,1,19.84,Chlorophonia,sclateri,Euphonia,145777,sclateri,28/08/1962,Puerto Rico,1 mile E Maguayo,NA,NA,Male,NA,61.34,48.84,12.5,20.37821976,13.25,34.16,4.62,NA,7.58,Preston Ballard
Caribbean,Greater Antilles,Trinidad,1,19.84,Chlorophonia,sclateri,Euphonia,2522,sclateri,Jul-38,Puerto Rico,NA,NA,NA,Male,NA,59.67,43.87,15.8,26.47896766,15.21,36.7,4.4,4.31,5.17,mia
Caribbean,Greater Antilles,Trinidad,1,19.84,Chlorophonia,sclateri,Euphonia,145778,sclateri,24/08/1962,Puerto Rico,3 mile SW Ensenada,NA,NA,Male,NA,58.66,46.15,12.51,21.32628708,13.25,32.04,4.34,4.5,7.08,Preston Ballard
Caribbean,Greater Antilles,Trinidad,1,19.84,Chlorophonia,sclateri,Euphonia,145779,sclateri,27/04/1961,Puerto Rico,3 mile S Ensenada,NA,NA,Male,NA,57.81,48.67,9.14,15.81041342,12.8,34.73,5.36,NA,7.34,Preston Ballard
Caribbean,Greater Antilles,Trinidad,1,19.84,Chlorophonia,sclateri,Euphonia,10333,sclateri,13/10/1941,Puerto Rico,S Cartagena Lagoon,NA,NA,Male,NA,61.13,45.27,15.86,25.944708,14.11,34.87,4.7,4.07,6.5,Mia
Caribbean,Greater Antilles,Trinidad,1,19.84,Chlorophonia,sclateri,Euphonia,145780,sclateri,29/04/1961,Puerto Rico,3 mile S Ensenada,NA,NA,Female,NA,57.83,48.7,9.13,15.78765347,13.83,33.15,4.92,4.56,6.68,Preston Ballard
Caribbean,Greater Antilles,Trinidad,1,19.84,Chlorophonia,sclateri,Euphonia,150200,sclateri,19/11/1987,Puerto Rico,"Barrio Boqueron, Penones de Melones, approximately 1 km WNW intersection Routes 301 and 303",NA,NA,Female,12,62.69,41.89,20.8,33.17913543,14.56,NA,4.02,4.56,6.75,MIA
Caribbean,Greater Antilles,Trinidad,1,19.84,Chlorophonia,sclateri,Euphonia,145782,sclateri,29/08/1962,Puerto Rico,Laguna Cartagena,30M,NA,Male,NA,60.95,49.55,11.4,18.70385562,13.54,35.57,4.23,4.4,6.63,Preston Ballard
Caribbean,Greater Antilles,Trinidad,1,19.84,Chlorophonia,sclateri,Euphonia,150201,sclateri,19/11/1987,Puerto Rico,Municipio Cabo Rojo; Barrio Boqueron,30M,NA,Male,12,56.53,48.78,7.75,13.70953476,13.75,35.17,4.7,4.22,6.35,Preston Ballard
Caribbean,Greater Antilles,Trinidad,1,19.84,Chlorophonia,sclateri,Euphonia,150197,sclateri,18/11/1987,Puerto Rico,Municipio Cabo Rojo; Barrio Boqueron,30M,NA,Male,13,60.86,47.86,13,21.36049951,13.01,34.17,5.18,4.57,7.29,Preston Ballard
Caribbean,Greater Antilles,Trinidad,1,19.84,Chlorophonia,sclateri,Euphonia,150199,sclateri,19/11/1987,Puerto Rico,"Barrio Boqueron, Penones de Melones, approximately 1 km WNW intersection Routes 301 and 303",30M,NA,Male,12,61.61,45.51,16.1,26.13212141,14.44,36.01,4.28,4.46,7.01,mia
Caribbean,Mainland,Trinidad,1,19.84,Chlorophonia,elegantissima,Euphonia,61886,rileyi,7/6/1937,Mexico,"Sonora, Rancho Santa Barbara",5000ft,NA,Male,NA,69,56.4,12.6,18.26086957,13.11,44.36,5.81,4.76,7.28,Preston Ballard
Caribbean,Mainland,Trinidad,1,19.84,Euphonia,fulvicrissa,Euphonia,178067,fulvicrissa,3/4/2004,Panama,"Prov. darien; Rancho Frio, ca 10km S El Real, 8°01.2'N,77°43.9'W",100M,NA,Male,10.5,51.83,40.67,11.16,21.53193131,13.74,28.33,4.5,4.57,8.15,mia
Caribbean,Mainland,Trinidad,1,19.84,Chlorophonia,elegantissima,Euphonia,42050,rileyi,6/6/1937,Mexico,"Sonora, Rancho Santa Barbara",5000ft,NA,Male,NA,63.45,53.89,9.56,15.06698188,13.33,47.42,4.32,5.02,7.13,Preston Ballard
Caribbean,Mainland,Trinidad,1,19.84,Chlorophonia,elegantissima,Euphonia,48101,rileyi,29/05/1947,Mexico,"25 Mi. N.E. of Guirocoba, Sonora",4200ft,NA,Male,NA,63.37,49.42,13.95,22.01357109,12.4,41.8,4.81,4.8,7.77,Preston Ballard
Caribbean,Mainland,Trinidad,1,19.84,Euphonia,fulvicrissa,Euphonia,178066,fulvicrissa,1/4/2004,Panama,"Prov. darien; Rancho Frio, ca 10km S El Real, 8°01.2'N,77°43.9'W",100m,NA,Female,12,50.21,40.18,10.03,19.97610038,12.33,27.91,4.07,4.53,8.29,mia
Caribbean,Mainland,Trinidad,1,19.84,Chlorophonia,elegantissima,Euphonia,42051,rileyi,7/6/1937,Mexico,"Sonora, Rancho Santa Barbara",5000ft,NA,Female,NA,66.28,54.22,12.06,18.1955341,13.79,40.01,4.94,4.9,6.94,Preston Ballard
Caribbean,Mainland,Trinidad,1,19.84,Euphonia,fulvicrissa,Euphonia,75508,fulvicrissa,28/06/1963,Panama,Prov. darien;Taeareuna Village,2000ft,NA,Male,NA,54.4,40.96,13.44,24.70588235,13.97,28.02,3.9,4.87,8.37,MIA
Caribbean,Mainland,Trinidad,1,19.84,Chlorophonia,elegantissima,Euphonia,17552,rileyi,23/03/1951,Mexico,NA,NA,NA,Male,NA,61.9,52.59,9.31,15.04038772,13.36,40.5,5.65,NA,7.57,Preston Ballard
Caribbean,Mainland,Trinidad,1,19.84,Chlorophonia,elegantissima,Euphonia,16058,rileyi,7/5/1950,Mexico,San Luis Potosí; Cañada Grande,5700ft,NA,Male,15.2,66.48,53.09,13.39,20.14139591,13.57,39.71,5.07,NA,7.1,Preston Ballard
Caribbean,Mainland,Trinidad,1,19.84,Euphonia,fulvicrissa,Euphonia,108626,fulvicrissa,9/8/1982,Panama,"Prov. Darien; Cana, E. Slope Cerro Pirre",650m,NA,Male,13,53.79,43.08,10.71,19.91076408,14.81,30.22,4.16,4.57,8.49,mia
Caribbean,Mainland,Trinidad,1,19.84,Chlorophonia,elegantissima,Euphonia,12652,rileyi,27/04/1948,Mexico,San Luis Potosí; Xilitla Region,NA,NA,Male,15.7,65.84,46.98,18.86,28.64520049,13.08,40.14,5.22,4.18,6.99,Preston Ballard
Caribbean,Mainland,Trinidad,1,19.84,Chlorophonia,elegantissima,Euphonia,16046,rileyi,23/04/1950,Mexico,San Luis Potosí; Santa Barbarita,3400ft,NA,Male,15.6,64.43,NA,NA,NA,13.32,35.55,4.64,4.06,6.94,Preston Ballard
Caribbean,Mainland,Trinidad,1,19.84,Euphonia,fulvicrissa,Euphonia,177768,fulvicrissa,6/5/2003,Panama,Prov. Darien; Several Km N Puerto Pina along Rio Pena,60m,NA,Male,11.7,51.92,42.02,9.9,19.06779661,13.67,29.17,4.88,4.59,8.45,mia
Caribbean,Mainland,Trinidad,1,19.84,Chlorophonia,elegantissima,Euphonia,17547,rileyi,18/03/1951,Mexico,12 Mi. Se of Santiago,NA,NA,Male,NA,63.34,49.26,14.08,22.22923903,12.84,36.78,5.14,4.31,6.84,Preston Ballard
Caribbean,Mainland,Trinidad,1,19.84,Chlorophonia,elegantissima,Euphonia,16049,rileyi,25/04/1950,Mexico,San Luis Potosí; Santa Barbarita,3300ft,NA,Male,14.4,65.93,50.69,15.24,23.11542545,13.22,39.64,4.25,4.66,7.33,Preston Ballard
Caribbean,Mainland,Trinidad,1,19.84,Euphonia,fulvicrissa,Euphonia,164389,fulvicrissa,22/03/1997,Panama,Prov. Colon; Achiote Road at Rio Providence,25m,mistletoe in stomach,Female,11.7,51.22,38.36,12.86,25.10737993,14.41,26,4.77,4.53,8,mia
Caribbean,Mainland,Trinidad,1,19.84,Chlorophonia,elegantissima,Euphonia,17548,rileyi,18/03/1951,Mexico,12 Mi. SE of Santiago,NA,NA,Male,NA,65.86,53.9,11.96,18.15973277,13.37,39.19,4.47,4.38,7.01,Preston Ballard
Caribbean,Mainland,Trinidad,1,19.84,Euphonia,fulvicrissa,Euphonia,164388,fulvicrissa,21/03/1997,Panama,Prov. Colon; Achiote Road at Rio Providence,25m,fruit in crop saved,Male,10.5,51.21,40.92,10.29,20.09373169,13,27.81,4.36,4.23,8.77,mia
Caribbean,Mainland,Trinidad,1,19.84,Chlorophonia,elegantissima,Euphonia,16047,rileyi,23/04/1950,Mexico,San Luis Potosí; Santa Barbarita,3400ft,NA,Male,17.3,66.95,51.64,15.31,22.8678118,13.13,37.42,4.46,4.01,6.64,Preston Ballard
Caribbean,Mainland,Trinidad,1,19.84,Chlorophonia,elegantissima,Euphonia,17554,rileyi,23/03/1951,Mexico,San Luis Potosí; Cañada Grande,NA,NA,Male,18,67.29,53.02,14.27,21.20671719,13.54,39.42,4.43,4.3,7.21,Preston Ballard
Caribbean,Mainland,Trinidad,1,19.84,Euphonia,fulvicrissa,Euphonia,164387,fulvicrissa,21/03/1997,Panama,Prov. Colon; Achiote Road at Rio Providence,25m,fruit in crop saved,Male,10.5,55.4,40.87,14.53,26.22743682,15.17,28.56,4.75,4.4,8.88,mia
Caribbean,Mainland,Trinidad,1,19.84,Chlorophonia,elegantissima,Euphonia,16048,rileyi,24/04/1950,Mexico,San Luis Potosí; Santa Barbarita,3400ft,NA,Male,16.5,65.57,52.16,13.41,20.45142596,14.1,36.84,4.86,4.2,8.04,Preston Ballard
Caribbean,Mainland,Trinidad,1,19.84,Chlorophonia,elegantissima,Euphonia,16051,rileyi,25/04/1950,Mexico,San Luis Potosí; Santa Barbarita,4500ft,NA,Male,14,65.15,51.28,13.87,21.28933231,13.38,37.2,5.17,4.18,7.2,Preston Ballard
Caribbean,Mainland,Trinidad,1,19.84,Euphonia,fulvicrissa,Euphonia,164386,fulvicrissa,21/03/1997,Panama,Prov. Colon; Achiote Road at Rio Providence,25m,"intestines contained mistletoe, berries saved",male,11,51.15,39.46,11.69,22.85434995,15.72,32.82,4.23,4.81,7.78,mia
Caribbean,Mainland,Trinidad,1,19.84,Chlorophonia,elegantissima,Euphonia,16060,rileyi,19/05/1950,Mexico,San Luis Potosí; Cañada Grande,6700ft,NA,Male,13.4,64.55,49.43,15.12,23.42370256,13.56,35.75,5.22,NA,6.46,Preston Ballard
Caribbean,Mainland,Trinidad,1,19.84,Chlorophonia,elegantissima,Euphonia,16057,rileyi,6/5/1950,Mexico,San Luis Potosí; Cañada Grande,6200ft,NA,Male,15,62.93,48.72,14.21,22.58064516,13.53,34.24,5.09,4.03,7.44,Preston Ballard
Caribbean,Mainland,Trinidad,1,19.84,Euphonia,fulvicrissa,Euphonia,165005,fulvicrissa,25/03/1999,Panama,Prov. Panama; 4.5km NW Summit Gardens on Old Gamboa Road,NA,Gut with fruit pulp - Saved,Female,11,51.31,39.8,11.51,22.43227441,14.05,31.46,4.53,4.6,8.02,MIA
Caribbean,Mainland,Trinidad,1,19.84,Chlorophonia,elegantissima,Euphonia,16052,rileyi,26/04/1950,Mexico,San Luis Potosí; Santa Barbarita,3300ft,NA,Male,14.5,66.46,49.43,17.03,25.62443575,13.56,38.68,4.81,3.91,7.35,Preston Ballard
Caribbean,Mainland,Trinidad,1,19.84,Chlorophonia,elegantissima,Euphonia,16059,rileyi,9/5/1950,Mexico,San Luis Potosí; Cañada Grande,6300ft,NA,Male,15.8,68.55,52.08,16.47,24.02625821,13.85,42.24,4.23,4.05,7.54,Preston Ballard
Caribbean,Mainland,Trinidad,1,19.84,Chlorophonia,cyanocephala,Euphonia,140104,aureata,15/06/1941,Paraguay,La Cordillera,NA,NA,Male,NA,64.47,51.38,13.09,20.30401737,15.7,34.83,4.52,4.41,6.34,MIA
Caribbean,Mainland,Trinidad,1,19.84,Chlorophonia,elegantissima,Euphonia,18245,rileyi,25/11/1951,Mexico,San Luis Potosí; Cerro Miramar,NA,NA,Male,NA,65.86,47.47,18.39,27.92286669,13.93,38.74,4.69,4.47,7.37,Preston Ballard
Caribbean,Mainland,Trinidad,1,19.84,Chlorophonia,elegantissima,Euphonia,12650,rileyi,28/04/1947,Mexico,San Luis Potosí; Xilitla Region,2600ft,NA,Male,NA,65.11,48.74,16.37,25.14206727,13.13,41.1,4.77,4.09,7.45,Preston Ballard
Caribbean,Mainland,Trinidad,1,19.84,Chlorophonia,cyanocephala,Euphonia,228022,cyanocephala,8/1/2018,Bolvia,"Depto. Chuguisaca; Prov. Voca Guzman, Serrania Inca Huasi, 2.6km S Ruinas Incahuasi, 19.829ºS, 63.727ºW",155M,Stomach contained green fruit,Male,15.4,64.85,52.47,12.38,19.09020817,14.46,43.9,4.32,4.23,6.45,mia
Caribbean,Mainland,Trinidad,1,19.84,Chlorophonia,elegantissima,Euphonia,18724,rileyi,25/01/1952,Mexico,San Luis Potosí; San Antonio,NA,NA,Male,NA,65.06,48.5,16.56,25.45342761,13.61,34.22,4.77,4.07,7.27,Preston Ballard
Caribbean,Mainland,Trinidad,1,19.84,Chlorophonia,elegantissima,Euphonia,18370,rileyi,4/12/1951,Mexico,San Luis Potosí; Cerro San Antonio,NA,NA,Male,NA,64.65,49.11,15.54,24.03712297,12.81,41.18,4.57,4.13,7.03,Preston Ballard
Caribbean,Mainland,Trinidad,1,19.84,Chlorophonia,elegantissima,Euphonia,18369,rileyi,17/12/1951,Mexico,San Luis Potosí; Xilitla Region,NA,NA,Male,NA,63.31,52.03,11.28,17.81709051,13.18,39.18,4.99,4.2,7.06,Preston Ballard
Caribbean,Mainland,Trinidad,1,19.84,Chlorophonia,cyanocephala,Euphonia,22802,cyanocephala,8/1/2018,Bolvia,"Depto. Chuguisaca; Prov. Voca Guzman, Serrania Inca Huasi, 2.6km S Ruinas Incahuasi, 19.829ºS, 63.727ºW",1550m,NA,Female,12.7,62.19,46.86,15.33,24.65026532,15.46,35.36,5.66,4.3,6.93,mia
Caribbean,Mainland,Trinidad,1,19.84,Chlorophonia,elegantissima,Euphonia,17555,rileyi,16/03/1951,Mexico,San Luis Potosí; 12 Mi. SE of Santiago,NA,NA,Male,14,65.52,51.97,13.55,20.68070818,13.12,37.41,5,4.21,6.21,Preston Ballard
Caribbean,Mainland,Trinidad,1,19.84,Chlorophonia,elegantissima,Euphonia,12651,rileyi,25/04/1947,Mexico,San Luis Potosí; Xilitla Region,NA,NA,Male,NA,68.23,49.52,18.71,27.42195515,12.75,40.43,4.34,4.01,7.35,Preston Ballard
Caribbean,Mainland,Trinidad,1,19.84,Chlorophonia,cyanocephala,Euphonia,137823,aureata,2/8/1988,Bolvia,"Santa Cruz; Prov. Velasco, W bank Rio Paucorra, 4km up from Rio ilenez",450m,Light fat,Male,13,63.48,45.31,18.17,28.62318841,14.07,37.83,4.02,NA,6.39,MIA
Caribbean,Mainland,Trinidad,1,19.84,Chlorophonia,elegantissima,Euphonia,12647,rileyi,29/08/1947,Mexico,San Luis Potosí; San Jose de Albuquerque,NA,NA,Male,NA,64.58,42.91,21.67,33.55528027,13.26,36.5,4.73,3.75,7.61,Preston Ballard
Caribbean,Mainland,Trinidad,1,19.84,Chlorophonia,elegantissima,Euphonia,16053,rileyi,22/04/1950,Mexico,San Luis Potosí; Santa Barbarita,3400ft,no fat,Female,15.5,62.65,47.58,15.07,24.05426975,12.98,30.04,5.08,4.44,7.44,Preston Ballard
Caribbean,Mainland,Trinidad,1,19.84,Chlorophonia,cyanocephala,Euphonia,171469,aureata,16/07/2000,Bolvia,"Depto. Santa Cruz, prov. Cordillera 10.6km E Ahapo 18º54' 84''5, 63º'08''W",450m,intestines green fruits,Female,14,62.23,50.67,11.56,18.5762494,13.09,35.32,4.72,4.22,5.78,mia
Caribbean,Mainland,Trinidad,1,19.84,Chlorophonia,elegantissima,Euphonia,16056,rileyi,25/04/2950,Mexico,San Luis Potosí; Santa Barbarita,3800ft,no fat,Female,17,63.99,51.92,12.07,18.86232224,13.34,34.55,4.43,4.19,7.36,Preston Ballard
Caribbean,Mainland,Trinidad,1,19.84,Chlorophonia,elegantissima,Euphonia,12648,rileyi,5/3/1948,Mexico,San Luis Potosí; Cerro Campanario,8000ft,NA,Female,NA,65.05,44.14,20.91,32.14450423,13.13,35.05,4.98,4.05,7.59,Preston Ballard
Caribbean,Mainland,Trinidad,1,19.84,Chlorophonia,cyanocephala,Euphonia,169157,aureata,15/08/2000,Bolvia,"Depto. Santa Cruz, Churchial 37km SE Somaipata 18º22.9 S, 63º37.2 W",900m,"intestines seeds saved, tissue samples",Male,15.5,65.19,46.91,18.28,28.0411106,13.14,39.29,4.29,4.17,6.69,mia
Caribbean,Mainland,Trinidad,1,19.84,Chlorophonia,elegantissima,Euphonia,16055,rileyi,25/04/1950,Mexico,San Luis Potosí; Santa Barbarita,NA,no fat,Female,14.9,65.26,48.36,16.9,25.89641434,13.51,33.99,4.77,4.62,7.15,Preston Ballard
Caribbean,Mainland,Trinidad,1,19.84,Chlorophonia,elegantissima,Euphonia,17556,rileyi,22/03/1951,Mexico,San Luis Potosí; Cañada Grande,NA,fat,Female,16.5,65.21,47.54,17.67,27.097071,13.39,37.74,4.53,NA,6.21,Preston Ballard
Caribbean,Mainland,Trinidad,1,19.84,Chlorophonia,cyanocephala,Euphonia,38174,aureata,15/09/1942,Bolvia,Santa Cruz Buena Vista,400m,NA,Male,NA,64.34,47.73,16.61,25.81597762,15.33,37.93,4.42,4.26,6.28,MIA
Caribbean,Mainland,Trinidad,1,19.84,Chlorophonia,elegantissima,Euphonia,12649,rileyi,27/04/1947,Mexico,San Luis Potosí; Xilitla Region,2500ft,NA,Female,NA,68.07,49.17,18.9,27.76553548,13.89,37.45,4.66,4.3,7.53,Preston Ballard
Caribbean,Mainland,Trinidad,1,19.84,Chlorophonia,elegantissima,Euphonia,16054,rileyi,24/04/1950,Mexico,San Luis Potosí Santa Barbarita,3400ft,no fat,Female,14g,64.29,51.09,13.2,20.53196454,13.72,35.61,4.86,4.14,7.27,Preston Ballard
Caribbean,Mainland,Trinidad,1,19.84,Chlorophonia,cyanocephala,Euphonia,196590,cyanocephala,22/11/2013,Bolvia,"depto. LaPaz, prov. Inquisiui piedras blancas 6km W cotacajes 16.762ºS, 66.789ºW",2200M,NA,Female,15.1,59.31,47.45,11.86,19.99662789,12.01,33.17,3.97,3.87,6.1,mia
Caribbean,Mainland,Trinidad,1,19.84,Chlorophonia,elegantissima,Euphonia,18725,rileyi,25/01/1950,Mexico,San Luis Potosí; W of Cerro San Antonio,NA,NA,Female,NA,63.39,49,14.39,22.70074144,13.68,36.16,4.85,4.3,7.79,Preston Ballard
Caribbean,Mainland,Trinidad,1,19.84,Chlorophonia,elegantissima,Euphonia,16062,rileyi,9/5/1950,Mexico,San Luis Potosí; Cañada Grande,6300ft,no fat,Female,15,65.07,49.45,15.62,24.00491778,13.36,39.31,4.55,4.01,6.65,Preston Ballard
Caribbean,Mainland,Trinidad,1,19.84,Chlorophonia,cyanocephala,Euphonia,62483,,12/8/1967,Peru,"Depto. Huanuco, Tea gardens S.A in Cordillera Azul",1300M,na,Female,NA,61.29,46.86,14.43,23.54380813,14.3,37.4,3.94,4.01,6.42,MIA
Caribbean,Mainland,Trinidad,1,19.84,Chlorophonia,elegantissima,Euphonia,16063,rileyi,19/05/1950,Mexico,San Luis Potosí; Cañada Grande,6600ft,no fat,Female,13.5,61.9,44.94,16.96,27.39903069,12.36,37.11,4.54,3.95,7.08,Preston Ballard
Caribbean,Mainland,Trinidad,1,19.84,Chlorophonia,elegantissima,Euphonia,16061,rileyi,19/05/1950,Mexico,San Luis Potosí; Cañada Grande,6700ft,no fat,Female,14.2,65.21,50.97,14.24,21.83714154,12.86,38.79,4.75,4.47,6.63,Preston Ballard
Caribbean,Mainland,Trinidad,1,19.84,Chlorophonia,cyanocephala,Euphonia,62484,aureata,12/8/1967,Peru,"Depto. Huanuco, Tea gardens S.A in Cordillera Azul",1300M,NA,Female,NA,56.04,46.08,9.96,17.77301927,13.85,38.22,4.52,3.98,7.96,MIA
Caribbean,Mainland,Trinidad,1,19.84,Chlorophonia,elegantissima,Euphonia,17551,rileyi,16/03/1951,Mexico,San Luis Potosí,NA,NA,Female,NA,64.39,47.12,17.27,26.82093493,13.9,37.57,4.12,4.01,6.86,Preston Ballard
Caribbean,Mainland,Trinidad,1,19.84,Chlorophonia,cyanocephala,Euphonia,117523,aureata,15/11/1983,peru,Dpto. San Martin; 15km by trail NE Jirillo on Trail to Balsa puerto,1350M,"stomach yellowish green fruit pulp, heavy fat",Male,14,63.92,47.52,16.4,25.65707134,13.91,32.65,4.25,4.13,6.78,mia
Caribbean,Mainland,Trinidad,1,19.84,Chlorophonia,elegantissima,Euphonia,17549,rileyi,18/03/1951,Mexico,12 Mi SE of Santiago,NA,NA,Female,NA,66.14,51.12,15.02,22.70940429,13.25,37.48,4.84,4.18,6.7,Preston Ballard
Caribbean,Mainland,Trinidad,1,19.84,Chlorophonia,elegantissima,Euphonia,17550,rileyi,18/03/1951,Mexico,12 Mi SE of Santiago,NA,NA,Female,NA,63.79,51.49,12.3,19.28201913,13.47,38.81,4.01,4.47,7.16,Preston Ballard
Caribbean,Mainland,Trinidad,1,19.84,Chlorophonia,cyanocephala,Euphonia,190429,pelzelni?,27/07/2010,Peru,"Dept. Amazonas; Prov. Chachapoyas, 1.12 km N duraznopampa; 6.584ºS, 77.814ºW",2100M,mistletoe in stomach,Male,15.4,66.68,50.53,16.15,24.22015597,14.6,42.25,4.37,4.14,6.9,mia
Caribbean,Mainland,Trinidad,1,19.84,Chlorophonia,elegantissima,Euphonia,42053,rileyi,22/10/1958,Mexico,San Luis Potosí,4000ft,NA,Female,NA,64.81,48.41,16.4,25.30473692,13.59,37.63,4.34,4.3,7.39,Preston Ballard
Caribbean,Mainland,Trinidad,1,19.84,Chlorophonia,elegantissima,Euphonia,18371,rileyi,1/12/1951,Mexico,San Luis Potosí; Cerro Xilitlilla,NA,NA,Female,NA,64.21,50.6,13.61,21.19607538,12.95,30.93,3.62,4.16,7.36,Preston Ballard
Caribbean,Mainland,Trinidad,1,19.84,Chlorophonia,elegantissima,Euphonia,61888,intermedia?,1/10/1959,Colombia,Popayan Cauca,1760M,NA,Male,NA,65.4,51.51,13.89,21.23853211,14.61,37.9,4.15,3.62,6.68,MIA
Caribbean,Mainland,Trinidad,1,19.84,Chlorophonia,elegantissima,Euphonia,17553,rileyi,18/03/1951,Mexico,San Luis Potosí; 12 Mi. SE of Santiago,NA,Fat,Female,15.5,63.61,51.4,12.21,19.19509511,13.81,38.79,4.67,4.51,6.41,Preston Ballard
Caribbean,Mainland,Trinidad,1,19.84,Chlorophonia,cyanocephala,Euphonia,48108,,17/07/1961,Colombia,Popayan Cauca,2000M,NA,Female,NA,58.36,41.55,16.81,28.80397533,14.99,33.99,4.64,3.75,6.66,MIA
Caribbean,Mainland,Trinidad,1,19.84,Chlorophonia,elegantissima,Euphonia,18372,rileyi,4/12/1951,Mexico,San Luis Potosí; Cerro San Antonio,NA,NA,Female,NA,65.09,50.54,14.55,22.35366416,13.38,39.91,4.67,4.32,7.45,Preston Ballard
Caribbean,Mainland,Trinidad,1,19.84,Chlorophonia,elegantissima,Euphonia,42052,rileyi,30/03/1955,Mexico,3 Mi. S.W. Huachimango Puebla,NA,NA,Male,NA,63.22,46.93,16.29,25.76716229,13.49,37.82,5.01,4.42,7.05,Preston Ballard
Caribbean,Mainland,Trinidad,1,19.84,Chlorophonia,elegantissima,Euphonia,174850,elegantissima,13/04/2003,Panama,"Prov. Chiriqui, Cerro Colorado N 08º29.525' W081º46.302",1600m,trace fat green seeds saved,Male,15.5,59.78,48.92,10.86,18.16661091,12.97,38.99,4.62,4.03,7.34,MIA
Caribbean,Mainland,Trinidad,1,19.84,Chlorophonia,elegantissima,Euphonia,98104,rileyi,3/11/1955,Mexico,Puebla; 3 MI SW Huachimango,7000ft,NA,Female,NA,64.3,52.82,11.48,17.85381026,14.56,39.79,4.79,4.28,7.48,Preston Ballard
Caribbean,Mainland,Trinidad,1,19.84,Chlorophonia,elegantissima,Euphonia,61887,rileyi,30/11/1955,Mexico,Puebla; 3 MI SW Huachimango,7000ft,NA,Male,NA,64.73,48.82,15.91,24.57902055,13.79,38.43,4.94,4.35,7.41,Preston Ballard
Caribbean,Mainland,Trinidad,1,19.84,Chlorophonia,elegantissima,Euphonia,189641,elegantissima,10/8/2010,Costa Rica,"Prov. Cortago; peraiso; Tousito; 9º46'36''N, 83º46'32''W",1300m,mistletoe in stomach,Male,17,65.52,41.21,24.31,37.1031746,16.16,40.42,3.07,3.91,8.13,MIA
Caribbean,Mainland,Trinidad,1,19.84,Chlorophonia,elegantissima,Euphonia,48102,rileyi,20/12/1959,Mexico,Jalisco: No. Slope of Volcán de Colima,8000ft,NA,Male,NA,69.45,52.23,17.22,32.96955773,13.35,39.68,4.34,3.9,7.38,Preston Ballard
Caribbean,Mainland,Trinidad,1,19.84,Chlorophonia,elegantissima,Euphonia,138863,vincens,9/1/1990,Costa Rica,"Prov. Heredia; Finca la fortune, 4km Virgen del socorro",1350m,"light fat, gut with flat green seeds",Male,17.5,62.14,48.36,13.78,22.17573222,14.54,39.63,4.5,4.06,6.43,mia
Caribbean,Mainland,Trinidad,1,19.84,Chlorophonia,elegantissima,Euphonia,14461,elegantissima,1/6/1947,Mexico,NA,NA,NA,Male,NA,67.61,48.32,19.29,28.53128235,13.37,36.77,4.42,4.28,7.13,Preston Ballard
Caribbean,Mainland,Trinidad,1,19.84,Chlorophonia,elegantissima,Euphonia,14463,elegantissima,9/9/1947,Mexico,NA,NA,NA,Female,NA,62.41,46.6,15.81,25.33247877,13.46,33.78,4.82,4.12,6.95,Preston Ballard
Caribbean,Mainland,Trinidad,1,19.84,Chlorophonia,elegantissima,Euphonia,30264,vincens,21/10/1962,Honduras,Sta. Barbara,3000',NA,Male,16.2,66.3,47.4,18.9,28.50678733,15.06,36.16,4.28,3.82,6.92,mia
Caribbean,Mainland,Trinidad,1,19.84,Chlorophonia,elegantissima,Euphonia,14462,elegantissima,9/9/1947,Mexico,NA,NA,NA,Female,NA,65.69,52.88,12.81,19.50068504,13.54,31.26,4.62,4.4,6.28,Preston Ballard
Caribbean,Mainland,Trinidad,1,19.84,Chlorophonia,elegantissima,Euphonia,48103,elegantissima,6/6/1959,Mexico,"5 Mi E at Cuernevaca, Morelos",NA,NA,Male,NA,66.49,51.88,14.61,21.97322906,12.67,36.48,4.33,4.14,6.88,Preston Ballard
Caribbean,Mainland,Trinidad,1,19.84,Chlorophonia,elegantissima,Euphonia,30266,vincens,21/01/1963,Honduras,Cortes: Finca Fe 1m NW Jaral,2300',NA,Female,14.1,63.32,44.56,18.76,29.62728996,15.51,34.18,4.57,4.08,7.24,MIA
Caribbean,Mainland,Trinidad,1,19.84,Chlorophonia,elegantissima,Euphonia,24903,elegantissima,29/04/1961,Mexico,"Oaxaca, 6 Mi SW Guelatao",NA,NA,Male,14.2,62.5,47.33,15.17,24.272,12.45,35.65,4.41,4.38,6.88,Preston Ballard
Caribbean,Mainland,Trinidad,1,19.84,Chlorophonia,elegantissima,Euphonia,140393,vincens,27/05/1941,Mexico,"Chiapas; Sierra Madre, pico de loro",2200m,NA,Male,NA,63.35,48.77,14.58,23.01499605,NA,40.31,4.33,3.79,7.03,MIA
Caribbean,Mainland,Trinidad,1,19.84,Chlorophonia,elegantissima,Euphonia,33470,elegantissima,8/4/1964,Mexico,12 air Mi. NNE Zanatepec,4900ft,Moderate fat,Male,15.1,62.03,46.29,15.74,25.37481864,13.14,34.37,3.96,3.64,7.15,Preston Ballard
Caribbean,Mainland,Trinidad,1,19.84,Chlorophonia,elegantissima,Euphonia,48105,,1954,NA,NA,NA,NA,Male,NA,61.08,44.94,16.14,26.42436149,14.74,38.23,4.77,3.98,6.13,MIA
Caribbean,Mainland,Trinidad,1,19.84,Chlorophonia,elegantissima,Euphonia,33469,elegantissima,4/4/1964,Mexico,12 air MI. NNE Zanatepec,4900ft,Little fat,Male,13.1,62.47,45.21,17.26,27.62926205,13.35,37.05,5.13,4.26,6.64,Preston Ballard
Caribbean,Mainland,Trinidad,1,19.84,Chlorophonia,elegantissima,Euphonia,48113,,11/1/1963,Mexico,"approx. 8km S from Solosuckiapa, chiapas; Rio Teapa",400ft,NA,Male,NA,60.21,44.8,15.41,25.59375519,13.74,37.61,NA,NA,NA,MIA
Caribbean,Mainland,Trinidad,1,19.84,Chlorophonia,elegantissima,Euphonia,33468,elegantissima,6/4/1964,Mexico,12 air Mi. NNE Zanatepec,4900ft,NA,Female,15,60.84,43.9,16.94,27.843524,14.63,31.14,4.4,4.05,7.69,Preston Ballard
Caribbean,Mainland,Trinidad,1,19.84,Chlorophonia,elegantissima,Euphonia,33472,elegantissima,4/4/1964,Mexico,12 air Mi.. NNE Zanatepec,4900ft,Little Fat,Male,15.3,62.31,48.93,13.38,21.47327877,13.91,37.6,4.24,NA,7.37,Preston Ballard
Caribbean,Mainland,Trinidad,1,19.84,Chlorophonia,elegantissima,Euphonia,48108,,21/02/1961,Mexico,"Rio Hondo, 8kms E. Pueblo Nuevo Chiapas",5000ft,NA,Male,NA,61.44,49.62,11.82,19.23828125,13.1,37.31,4.66,3.84,6.95,MIA
Caribbean,Mainland,Trinidad,1,19.84,Chlorophonia,elegantissima,Euphonia,48107,,21/02/1961,Mexico,"Rio Hondo, 8kms E. Pueblo Nuevo Chiapas",5000ft,NA,Female,NA,62.53,50.7,11.83,18.91891892,12.93,39.13,4.3,3.94,7.71,Preston Ballard
Caribbean,Mainland,Trinidad,1,19.84,Chlorophonia,elegantissima,Euphonia,33471,elegantissima,5/4/1964,Mexico,12 air Mi. NNE Zanatepec,4900ft,Little Fat,Male,14.8g,62.01,45.96,16.05,25.88292211,13.68,32.34,4.69,3.97,6.85,Preston Ballard
Caribbean,Lesser Antilles - Kalinago,Trinidad,1,19.84,Chlorophonia,flavifrons,Euphonia,145781,flavifrons,9/2/1962,St. Martinique,Rateau,NA,NA,Male,NA,62.5,50.85,11.65,18.64,16.11,38.04,4.81,NA,7.18,Mia
Caribbean,Mainland,Trinidad,1,19.84,Chlorophonia,elegantissima,Euphonia,24902,musica,11/5/1961,Mexico,Oaxaca; 4 Mi. E Matatlan,NA,NA,Female,NA,63.77,45.16,18.61,29.18300141,13,39.67,4.15,4.23,7.57,Preston Ballard
Caribbean,Greater Antilles,Trinidad,1,19.84,Chlorophonia,musica,Euphonia,145770,musica,13/08/1963,Dominican Republic,San Rafael; 8km S Elías Piña,2900ft,NA,Male,NA,63.13,48.54,14.59,23.11104071,13.77,38.45,4.9,4.39,6.85,Preston Ballard
Caribbean,Greater Antilles,Trinidad,1,19.84,Chlorophonia,sclateri,Euphonia,150196,sclateri,18/11/1987,Puerto Rico,"Municipio Cabo Rojo; Barrio Boqueron; Peñones de Melones, ca 1km WNW intersection routes 301 and 303",NA,"Little Fat, intestines mistetoe seeds.",Male,12g,59.91,42.75,17.16,28.64296445,13.12,33.62,4.44,4.25,6.67,Preston Ballard
Caribbean,Greater Antilles,Trinidad,1,19.84,Chlorophonia,sclateri,Euphonia,150195,sclateri,8/12/1987,Puerto Rico,"Municipio Cabo Rojo; Barrio Boqueron Penones de Moelones, 1 km WNW intersection routes 301 and 303",30M,"Light fat, stomach mistletoe",Female,12g,57.62,46.65,10.97,19.03852829,15.44,35.52,4.64,4.08,7.17,mia
Caribbean,Greater Antilles,Trinidad,1,19.84,Euphonia,jamaica,Euphonia,145765,,11/7/1961,Jamaica,St. Thomas Par; 14.5 mi E Kingston,NA,NA,Male,NA,62.03,50.18,11.85,19.10365952,16.82,36.59,5.19,5.94,7.63,MIA
Caribbean,Mainland,Trinidad,1,19.84,Euphonia,violacea,Euphonia,63076,,20/09/1967,Brazil,Sao Paulo; Santos rio Guaratuba,NA,NA,Female,NA,60.65,50.13,10.52,17.34542457,15.84,37.3,5.53,5.3,8.38,Preston Ballard
Caribbean,Mainland,Trinidad,1,19.84,Euphonia,violacea,Euphonia,63074,,20/09/1967,Brazil,Sao Paulo; Santos rio Guaratuba,NA,NA,Male,NA,60.59,51.28,9.31,15.36557188,16.1,36.77,6.02,5.44,9.05,Preston Ballard
Caribbean,Greater Antilles,Trinidad,1,19.84,Euphonia,jamaica,Euphonia,145758,,7-Oct,Jamaica,St. Thomas Par; 14.5 mi E Kingston,NA,NA,Female,NA,59.25,43.67,15.58,26.29535865,16.05,35.27,5.37,5.89,8.27,MIA
Caribbean,Mainland,Trinidad,1,19.84,Euphonia,trinitatis,Euphonia,12555,,26/10/1959,Columbia,Bonda - Magdalena,NA,NA,Female,NA,47.08,37.35,9.73,20.66694987,12.63,31.26,4.15,3.9,6.11,mia
